{"stats":{"minecraft:broken":{"minecraft:iron_shovel":3,"minecraft:iron_boots":2,"justhammers:iron_hammer":3,"minecraft:iron_helmet":1},"minecraft:crafted":{"minecraft:stone":18,"cataclysm:stone_tile_slab":4,"minecraft:bow":1,"minecraft:mossy_cobblestone_slab":14,"minecraft:chest":17,"minecraft:stone_hoe":1,"blue_skies:blue_journal":1,"minecraft:crafting_table":2,"minecraft:spruce_planks":230,"minecraft:baked_potato":103,"minecraft:copper_ingot":24,"butchercraft:cooked_beef_scraps":3,"minecraft:stick":4,"minecraft:stone_slab":8,"minecraft:iron_ingot":14,"minecraft:spruce_fence_gate":1,"minecraft:stone_shovel":1,"mca:bouquet":1,"minecraft:bone_meal":72,"minecraft:iron_axe":1,"minecraft:spruce_slab":60,"minecraft:cobblestone_wall":42,"minecraft:wheat":54,"sophisticatedbackpacks:iron_backpack":1,"paraglider:paraglider":2,"gothic:meat_cooked":3,"upgrade_aquatic:river_planks":4,"hexerei:herb_drying_rack":2,"minecraft:bucket":1,"minecraft:air":0,"minecraft:bread":22,"justhammers:iron_hammer":2,"minecraft:iron_shovel":1,"exoticbirds:cooked_birdmeat":4,"minecraft:stonecutter":1,"minecraft:torch":24},"minecraft:used":{"minecraft:iron_shovel":946,"minecraft:spruce_slab":15,"minecraft:poppy":3,"minecraft:chest":17,"minecraft:iron_sword":472,"gothic:waterpipe":2,"minecraft:lantern":10,"minecraft:mossy_cobblestone_slab":15,"gothic:river_plant":1,"minecraft:bow":29,"minecraft:sweet_berries":21,"minecraft:furnace":2,"grimoireofgaia:meat":2,"minecraft:potato":102,"cataclysm:stone_tile_slab":102,"minecraft:stone_pickaxe":93,"butchercraft:cooked_beef_scraps":3,"minecraft:blue_bed":3,"minecraft:diamond_axe":329,"minecraft:golden_apple":1,"minecraft:white_wool":2,"gothic:scavenger_egg":3,"gothic:lamb_sausage":6,"gothic:meat_cooked":3,"hmag:randomberry":5,"gothic:cheese":1,"minecraft:chiseled_quartz_block":8,"waystones:waystone":2,"minecraft:bread":3,"minecraft:string":1,"minecraft:lectern":1,"supplementaries:flax_seeds":2,"minecraft:soul_lantern":2,"exoticbirds:cooked_birdmeat":6,"croptopia:toast":58,"minecraft:diamond_sword":287,"minecraft:andesite":2,"minecraft:coarse_dirt":465,"minecraft:bone_meal":72,"minecraft:armor_stand":1,"minecraft:stone_shovel":99,"minecraft:light_gray_carpet":3,"minecraft:spruce_planks":92,"gothic:meat":1,"minecraft:stone_hoe":66,"minecraft:stick":21,"minecraft:torch":106,"minecraft:dirt":543,"simplyhotsprings:hot_spring_water_bucket":2,"minecraft:cobblestone_wall":306,"minecraft:iron_hoe":139,"minecraft:iron_axe":220,"evilcraft:flesh_humanoid":1,"minecraft:dark_oak_pressure_plate":1,"tombstone:gift":5,"hexerei:herb_drying_rack":3,"minecraft:wheat_seeds":16,"vampirism:fire_place":2,"minecraft:water_bucket":30,"minecraft:baked_potato":70,"minecraft:spruce_fence_gate":3,"minecraft:stonecutter":1,"blue_skies:frostbright_stairs":13,"minecraft:crafting_table":6,"minecraft:white_bed":5,"minecraft:spruce_log":12,"justhammers:iron_hammer":438,"minecraft:smoker":4,"tombstone:bag_of_seeds":4,"minecraft:apple":4,"minecraft:iron_pickaxe":223,"tombstone:magic_scroll":1,"minecraft:stone_slab":6,"gothic:innos_tears":1,"minecraft:stone_axe":1,"minecraft:cobblestone":446,"minecraft:bucket":33,"alexsmobs:animal_dictionary":1,"minecraft:splash_potion":1},"minecraft:mined":{"minecraft:spruce_planks":76,"minecraft:white_bed":5,"minecraft:farmland":9,"dtterralith:spruce_short_conifer_leaves":2,"minecraft:cobblestone_stairs":2,"blue_skies:moonstone":1,"minecraft:spruce_trapdoor":16,"minecraft:grass_block":565,"vampirism:weapon_table":1,"gothic:river_plant":1,"minecraft:oxeye_daisy":2,"minecraft:spawner":7,"minecraft:mossy_cobblestone_slab":15,"minecraft:glowstone":1,"minecraft:mossy_cobblestone_stairs":2,"minecraft:iron_ore":9,"minecraft:barrel":1,"minecraft:pumpkin":1,"domesticationinnovation:pet_bed_purple":1,"minecraft:azure_bluet":1,"supplementaries:stick":11,"minecraft:dirt_path":25,"blue_skies:spider_webbing":3,"minecraft:oak_stairs":1,"minecraft:black_candle":1,"minecraft:spruce_slab":15,"minecraft:tripwire":1,"hexerei:herb_drying_rack":1,"minecraft:cyan_terracotta":1,"minecraft:blackstone":1,"minecraft:smoker":3,"minecraft:soul_lantern":2,"minecraft:chiseled_quartz_block":8,"minecraft:torch":30,"minecraft:calcite":4,"minecraft:poppy":5,"minecraft:chest":3,"supplementaries:wild_flax":7,"minecraft:cobblestone":93,"cataclysm:stone_tile_slab":19,"minecraft:wall_torch":36,"minecraft:skeleton_skull":3,"minecraft:light_gray_candle":1,"minecraft:wheat":6,"dtterralith:spruce_bush_leaves":10,"realmrpg_skeletons:acrobat_skeleton":1,"atlantis:aquamarine_ore":2,"minecraft:smooth_stone_slab":3,"minecraft:stone_brick_stairs":1,"minecraft:grass":66,"dtterralith:dark_oak_red_conifer_leaves":1,"minecraft:dirt":46,"minecraft:sand":1,"structure_gel:dynamic_spawner":2,"oaks_decor:pebbles_2":1,"upgrade_aquatic:river_log":1,"minecraft:mossy_cobblestone":5,"minecraft:candle":3,"minecraft:purple_candle":1,"gothic:waterpipe":2,"minecraft:dark_oak_pressure_plate":1,"minecraft:large_fern":9,"minecraft:hay_block":6,"blue_skies:frostbright_stairs":28,"minecraft:furnace":1,"minecraft:andesite":14,"minecraft:stripped_spruce_log":1,"minecraft:gold_block":3,"dynamictrees:spruce_leaves":1,"minecraft:cobblestone_slab":1,"blue_skies:frostbright_slab":6,"minecraft:lantern":8,"minecraft:stone":25,"supplementaries:wall_lantern":3,"minecraft:white_wool":3,"minecraft:light_gray_carpet":4,"blue_skies:frostbright_planks":6,"minecraft:glass_pane":2,"minecraft:soul_sand":4,"minecraft:dandelion":5,"vampirism:totem_top_vampirism_hunter":1,"minecraft:crafting_table":3,"minecraft:lectern":2,"minecraft:stone_slab":8,"gothic:scavenger_eggs":1,"minecraft:tall_grass":29,"oaks_decor:sand_castle":1,"minecraft:blue_bed":5,"minecraft:spruce_stairs":2,"minecraft:purple_bed":1,"gothic:meadow_knotweed_wild":1,"minecraft:coarse_dirt":460,"minecraft:cobblestone_wall":20,"blue_skies:frostbright_trapdoor":2,"minecraft:sweet_berry_bush":3,"minecraft:ice":4,"minecraft:gray_bed":1,"minecraft:spruce_log":214,"minecraft:coal_ore":18,"vampirism:fire_place":2,"minecraft:gravel":2,"minecraft:cobweb":63,"minecraft:spruce_fence_gate":2,"minecraft:fern":9},"minecraft:dropped":{"minecraft:spruce_sign":6,"minecraft:iron_sword":5,"minecraft:brown_mushroom":2,"gothic:meat_cooked":1,"minecraft:baked_potato":1,"minecraft:glass_bottle":1,"mca:bouquet":1,"dynamictrees:spruce_seed":5,"paraglider:spirit_orb":22,"minecraft:emerald":7,"minecraft:cyan_terracotta":2,"minecraft:redstone_lamp":2,"minecraft:dirt":33,"minecraft:cracked_deepslate_tiles":1,"minecraft:gold_nugget":2,"minecraft:iron_pickaxe":2,"paraglider:paraglider":1,"minecraft:gold_ingot":6,"minecraft:bone":4,"minecraft:stone_axe":2,"minecraft:sugar_cane":4,"minecraft:iron_nugget":3,"croptopia:toast":13,"alexsmobs:animal_dictionary":4,"atlantis:aquamarine_gem":9,"minecraft:wheat":4,"minecraft:glowstone_dust":6,"guideapi_vp:vampirism-guidebook":2,"minecraft:azure_bluet":1,"evilcraft:flesh_humanoid":3,"minecraft:carrot":10,"minecraft:chiseled_stone_bricks":1,"minecraft:poppy":7,"minecraft:leather_chestplate":1,"supplementaries:ash":2,"croptopia:spinach_seed":2,"minecraft:gunpowder":1,"minecraft:beetroot_seeds":5,"minecraft:leather_leggings":1,"minecraft:spruce_slab":1,"minecraft:arrow":10,"minecraft:splash_potion":6,"minecraft:enchanted_book":2,"minecraft:stone_hoe":2,"minecraft:iron_ingot":1,"minecraft:stripped_spruce_log":2,"minecraft:wheat_seeds":1,"minecraft:mossy_cobblestone":5,"blue_skies:moonstone":1,"minecraft:feather":2,"minecraft:cobblestone":229,"minecraft:apple":1,"minecraft:spruce_stairs":1,"vampirism:amulet":1,"minecraft:coal":9,"bossominium:the_bossdexium":1,"minecraft:stick":1,"minecraft:polished_andesite":9,"minecraft:torch":4,"minecraft:zombie_head":1,"tombstone:grave_dust":2,"minecraft:dead_bush":1,"minecraft:polished_andesite_stairs":4,"minecraft:iron_axe":2,"minecraft:mossy_cobblestone_stairs":2,"minecraft:string":60,"croptopia:coffee_seed":3,"hmag:evil_crystal_fragment":5,"minecraft:redstone":3,"minecraft:dandelion":1,"croptopia:glowing_calamari":3,"croptopia:yam_seed":4,"minecraft:coarse_dirt":5,"minecraft:cobblestone_wall":30,"minecraft:smooth_stone_slab":2,"minecraft:raw_iron":9,"alexsmobs:ancient_dart":1,"minecraft:stone_slab":1,"minecraft:light_gray_concrete":4,"minecraft:diamond_sword":3,"minecraft:filled_map":1,"minecraft:andesite":1,"minecraft:spider_eye":8,"minecraft:stone_bricks":2,"minecraft:bamboo":1,"tombstone:essence_of_undeath":1,"minecraft:purple_candle":2,"minecraft:calcite":1},"minecraft:killed_by":{"gothic:shadowbeast":1,"hmag:zombie_girl":1,"grimoireofgaia:bone_knight":1,"minecraft:cave_spider":1,"grimoireofgaia:minotaurus":1,"grimoireofgaia:dwarf":1,"minecraft:vex":1,"minecraft:player":6,"gothic:stone_guardian":1,"minecraft:skeleton":6,"minecraft:giant":1},"minecraft:custom":{"minecraft:interact_with_crafting_table":62,"minecraft:open_barrel":32,"minecraft:leave_game":17,"minecraft:time_since_death":79024,"minecraft:damage_resisted":236,"minecraft:sprint_one_cm":1607224,"minecraft:drop":181,"minecraft:talked_to_villager":109,"minecraft:play_time":550932,"minecraft:deaths":21,"minecraft:jump":7454,"minecraft:walk_on_water_one_cm":16173,"minecraft:interact_with_furnace":68,"minecraft:traded_with_villager":1,"minecraft:sleep_in_bed":28,"minecraft:waystone_activated":7,"minecraft:damage_dealt":25087,"minecraft:player_kills":1,"minecraft:crouch_one_cm":19104,"tombstone:undead_killed":71,"tombstone:villager_killed":1,"minecraft:interact_with_smoker":27,"minecraft:inspect_dispenser":3,"minecraft:mob_kills":135,"minecraft:interact_with_campfire":64,"minecraft:climb_one_cm":19944,"minecraft:walk_one_cm":1153711,"minecraft:damage_dealt_absorbed":3542,"minecraft:sneak_time":6549,"minecraft:walk_under_water_one_cm":2278,"minecraft:boat_one_cm":16158,"minecraft:interact_with_blast_furnace":4,"minecraft:total_world_time":550932,"minecraft:tune_noteblock":36,"minecraft:interact_with_stonecutter":20,"minecraft:interact_with_grindstone":1,"minecraft:time_since_rest":19422,"minecraft:damage_taken":14208,"minecraft:damage_absorbed":40,"minecraft:minecart_one_cm":622,"minecraft:swim_one_cm":32238,"minecraft:fly_one_cm":1774669,"minecraft:open_chest":312,"minecraft:fall_one_cm":138636},"minecraft:killed":{"vampirism:vampire":2,"minecraft:cave_spider":10,"minecraft:spider":12,"alexsmobs:snow_leopard":4,"minecraft:skeleton":38,"minecraft:silverfish":6,"minecraft:magma_cube":6,"grimoireofgaia:bone_knight":2,"vampirism:hunter":2,"minecraft:sheep":6,"gothic:scavenger":2,"minecraft:zombie":90,"grimoireofgaia:harpy":4,"minecraft:cow":4,"grimoireofgaia:centaur":4,"hmag:zombie_girl":10,"blue_skies:gatekeeper":2,"grimoireofgaia:dwarf":2,"hmag:ghost":2,"naturalist:bear":2,"minecraft:bat":2,"gothic:scavenger_young":4,"grimoireofgaia:kobold":4,"minecraft:player":1},"minecraft:picked_up":{"minecraft:wheat":21,"minecraft:stone_slab":10,"minecraft:diamond_sword":4,"minecraft:oak_stairs":1,"domesticationinnovation:pet_bed_purple":1,"minecraft:dark_oak_pressure_plate":1,"croptopia:artichoke_seed":2,"minecraft:string":146,"alexsmobs:ancient_dart":1,"minecraft:smooth_stone_slab":4,"minecraft:iron_leggings":1,"minecraft:armor_stand":1,"minecraft:zombie_head":1,"vampirism:obi_belt":1,"upgrade_aquatic:river_log":1,"minecraft:gold_nugget":2,"minecraft:smooth_stone":2,"minecraft:spruce_planks":75,"minecraft:cobblestone_slab":2,"minecraft:calcite":8,"minecraft:smooth_quartz":12,"minecraft:iron_pickaxe":3,"minecraft:furnace":1,"minecraft:stick":311,"minecraft:torch":138,"minecraft:spruce_stairs":1,"vampirism:holy_water_bottle_enhanced":1,"tombstone:grave_dust":11,"vampirism:amulet":2,"croptopia:coffee_seed":3,"minecraft:rotten_flesh":49,"minecraft:cyan_terracotta":2,"hexerei:herb_drying_rack":1,"supplementaries:ash":2,"blue_skies:frostbright_slab":6,"minecraft:cobblestone":1279,"minecraft:birch_log":35,"minecraft:mossy_cobblestone_slab":14,"vampirism:weapon_table":1,"minecraft:feather":10,"minecraft:andesite":22,"minecraft:smoker":3,"minecraft:chiseled_quartz_block":8,"minecraft:potato":140,"paraglider:spirit_orb":40,"create:raw_zinc":1,"evilcraft:flesh_humanoid":1,"supplementaries:flax_seeds":5,"cataclysm:stone_tile_slab":19,"minecraft:dirt":615,"minecraft:lantern":10,"hmag:evil_crystal_fragment":2,"minecraft:bone":24,"minecraft:wheat_seeds":181,"minecraft:glowstone_dust":7,"minecraft:bamboo":1,"minecraft:stone_hoe":1,"dtterralith:birch_pine_seed":8,"hmag:soul_powder":1,"gothic:meat_cooked":1,"justhammers:iron_hammer":1,"minecraft:stripped_spruce_log":2,"minecraft:dead_bush":1,"alexsmobs:animal_dictionary":3,"minecraft:barrel":1,"croptopia:spinach_seed":2,"minecraft:mossy_cobblestone":116,"minecraft:light_gray_concrete":4,"minecraft:polished_andesite":9,"minecraft:spruce_fence_gate":2,"minecraft:soul_lantern":3,"waystones:waystone":2,"bossominium:the_bossdexium":1,"gothic:scavenger_egg":3,"minecraft:golden_apple":1,"minecraft:spruce_sign":6,"minecraft:emerald":16,"minecraft:light_gray_carpet":4,"croptopia:zucchini_seed":2,"atlantis:aquamarine_gem":19,"croptopia:toast":72,"minecraft:charcoal":2,"minecraft:coarse_dirt":471,"minecraft:crafting_table":4,"minecraft:azure_bluet":3,"minecraft:splash_potion":4,"minecraft:redstone_lamp":2,"croptopia:sweetpotato_seed":4,"minecraft:brown_mushroom":1,"dynamictrees:spruce_seed":17,"minecraft:gold_block":3,"blue_skies:frostbright_door":2,"gothic:waterpipe":2,"minecraft:iron_axe":2,"minecraft:blackstone":1,"minecraft:candle":6,"blue_skies:frostbright_stairs":28,"minecraft:iron_nugget":7,"minecraft:poppy":11,"minecraft:light_gray_wool":1,"minecraft:spruce_slab":16,"minecraft:lectern":2,"minecraft:sugar_cane":4,"minecraft:chest":5,"minecraft:spruce_trapdoor":14,"minecraft:raw_iron":22,"grimoireofgaia:meat":2,"sophisticatedbackpacks:backpack":1,"minecraft:carrot":10,"minecraft:redstone":67,"croptopia:yam_seed":2,"hexerei:sage_seed":83,"minecraft:purple_candle":2,"butchercraft:chicken_scraps":1,"minecraft:arrow":41,"minecraft:stone_shovel":1,"minecraft:beetroot_seeds":5,"minecraft:hay_block":6,"tombstone:essence_of_undeath":1,"minecraft:gold_ingot":10,"butchercraft:beef_scraps":15,"exoticbirds:raw_birdmeat":11,"minecraft:skeleton_skull":3,"minecraft:white_wool":4,"minecraft:oxeye_daisy":2,"minecraft:cracked_deepslate_tiles":1,"minecraft:leather":11,"blue_skies:frostbright_planks":6,"croptopia:glowing_calamari":3,"minecraft:filled_map":1,"blue_skies:moonstone":1,"gothic:river_plant":1,"minecraft:cobblestone_wall":32,"oaks_decor:sand_castles":1,"minecraft:gunpowder":1,"minecraft:cobblestone_stairs":3,"minecraft:paper":9,"minecraft:blue_bed":3,"dtterralith:black_poplar_seed":25,"exoticbirds:cooked_birdmeat":2,"tombstone:gift":1,"vampirism:human_heart":2,"minecraft:stone_bricks":2,"guideapi_vp:vampirism-guidebook":1,"minecraft:iron_ingot":9,"minecraft:stone_pickaxe":1,"minecraft:cobweb":2,"tombstone:bag_of_seeds":2,"croptopia:elderberry_seed":2,"minecraft:iron_sword":5,"minecraft:soul_sand":3,"minecraft:polished_andesite_stairs":4,"minecraft:black_candle":3,"minecraft:sweet_berries":6,"minecraft:chiseled_stone_bricks":1,"vampirism:fire_place":2,"minecraft:dandelion":6,"blue_skies:frostbright_trapdoor":2,"gothic:cheese":2,"minecraft:white_bed":6,"minecraft:spruce_log":408,"grimoireofgaia:box_iron":1,"minecraft:spruce_door":1,"minecraft:spider_eye":9,"butchercraft:leather_scrap":7,"gothic:meat":3,"minecraft:light_gray_candle":2,"minecraft:stone_axe":2,"evilcraft:dark_gem":13,"butchercraft:lamb_scraps":6,"gothic:meadow_knotweed":1,"minecraft:mossy_cobblestone_stairs":2,"minecraft:baked_potato":2,"tombstone:magic_scroll":1,"minecraft:coal":57}},"DataVersion":3120}