{"stats":{"minecraft:dropped":{"minecraft:spruce_sign":6,"minecraft:iron_sword":5,"minecraft:brown_mushroom":2,"minecraft:baked_potato":1,"minecraft:glass_bottle":1,"paraglider:spirit_orb":22,"minecraft:emerald":6,"minecraft:cyan_terracotta":2,"minecraft:redstone_lamp":2,"minecraft:dirt":1,"minecraft:cracked_deepslate_tiles":1,"minecraft:gold_nugget":2,"minecraft:iron_pickaxe":1,"minecraft:gold_ingot":5,"minecraft:bone":4,"minecraft:stone_axe":2,"minecraft:sugar_cane":4,"croptopia:toast":13,"minecraft:iron_nugget":2,"alexsmobs:animal_dictionary":4,"atlantis:aquamarine_gem":2,"minecraft:wheat":4,"minecraft:glowstone_dust":6,"guideapi_vp:vampirism-guidebook":2,"minecraft:azure_bluet":1,"evilcraft:flesh_humanoid":3,"minecraft:carrot":10,"minecraft:chiseled_stone_bricks":1,"minecraft:poppy":7,"minecraft:leather_chestplate":1,"supplementaries:ash":2,"croptopia:spinach_seed":2,"minecraft:gunpowder":1,"minecraft:beetroot_seeds":5,"minecraft:leather_leggings":1,"minecraft:spruce_slab":1,"minecraft:arrow":10,"minecraft:splash_potion":6,"minecraft:stone_hoe":2,"minecraft:enchanted_book":2,"minecraft:iron_ingot":1,"minecraft:stripped_spruce_log":2,"minecraft:wheat_seeds":1,"minecraft:mossy_cobblestone":5,"blue_skies:moonstone":1,"minecraft:feather":2,"minecraft:cobblestone":25,"minecraft:apple":1,"minecraft:spruce_stairs":1,"minecraft:coal":9,"vampirism:amulet":1,"bossominium:the_bossdexium":1,"minecraft:stick":1,"minecraft:polished_andesite":9,"minecraft:torch":4,"minecraft:zombie_head":1,"tombstone:grave_dust":2,"minecraft:dead_bush":1,"minecraft:polished_andesite_stairs":4,"minecraft:iron_axe":2,"minecraft:mossy_cobblestone_stairs":2,"minecraft:string":60,"croptopia:coffee_seed":3,"hmag:evil_crystal_fragment":5,"croptopia:yam_seed":4,"croptopia:glowing_calamari":3,"minecraft:dandelion":1,"minecraft:redstone":3,"minecraft:coarse_dirt":5,"minecraft:cobblestone_wall":1,"minecraft:smooth_stone_slab":2,"minecraft:raw_iron":9,"alexsmobs:ancient_dart":1,"minecraft:light_gray_concrete":4,"minecraft:filled_map":1,"minecraft:diamond_sword":3,"minecraft:andesite":1,"minecraft:stone_bricks":2,"minecraft:spider_eye":8,"minecraft:bamboo":1,"tombstone:essence_of_undeath":1,"minecraft:purple_candle":2,"minecraft:calcite":1},"minecraft:mined":{"minecraft:spruce_planks":65,"minecraft:white_bed":5,"minecraft:farmland":9,"blue_skies:moonstone":1,"minecraft:spruce_trapdoor":16,"minecraft:grass_block":102,"vampirism:weapon_table":1,"gothic:river_plant":1,"minecraft:oxeye_daisy":2,"minecraft:spawner":7,"minecraft:glowstone":1,"minecraft:mossy_cobblestone_stairs":2,"minecraft:iron_ore":9,"minecraft:barrel":1,"minecraft:pumpkin":1,"domesticationinnovation:pet_bed_purple":1,"minecraft:azure_bluet":1,"supplementaries:stick":11,"blue_skies:spider_webbing":3,"minecraft:oak_stairs":1,"minecraft:black_candle":1,"minecraft:tripwire":1,"minecraft:cyan_terracotta":1,"minecraft:smoker":2,"minecraft:soul_lantern":2,"minecraft:chiseled_quartz_block":8,"minecraft:torch":21,"minecraft:poppy":1,"minecraft:chest":3,"supplementaries:wild_flax":7,"minecraft:cobblestone":22,"minecraft:wall_torch":31,"minecraft:skeleton_skull":3,"minecraft:light_gray_candle":1,"minecraft:wheat":6,"dtterralith:spruce_bush_leaves":10,"realmrpg_skeletons:acrobat_skeleton":1,"atlantis:aquamarine_ore":2,"minecraft:stone_brick_stairs":1,"minecraft:smooth_stone_slab":3,"minecraft:grass":43,"dtterralith:dark_oak_red_conifer_leaves":1,"minecraft:dirt":27,"minecraft:sand":1,"structure_gel:dynamic_spawner":2,"oaks_decor:pebbles_2":1,"upgrade_aquatic:river_log":1,"minecraft:mossy_cobblestone":5,"minecraft:candle":3,"minecraft:purple_candle":1,"minecraft:dark_oak_pressure_plate":1,"minecraft:large_fern":5,"minecraft:hay_block":6,"blue_skies:frostbright_stairs":28,"minecraft:furnace":1,"minecraft:andesite":14,"minecraft:stripped_spruce_log":1,"dynamictrees:spruce_leaves":1,"minecraft:gold_block":3,"minecraft:cobblestone_slab":1,"blue_skies:frostbright_slab":6,"minecraft:lantern":8,"minecraft:stone":25,"minecraft:white_wool":3,"supplementaries:wall_lantern":2,"minecraft:light_gray_carpet":4,"blue_skies:frostbright_planks":6,"minecraft:glass_pane":2,"minecraft:soul_sand":4,"minecraft:dandelion":5,"minecraft:crafting_table":3,"vampirism:totem_top_vampirism_hunter":1,"minecraft:lectern":2,"gothic:scavenger_eggs":1,"minecraft:tall_grass":14,"oaks_decor:sand_castle":1,"minecraft:blue_bed":4,"minecraft:spruce_stairs":2,"minecraft:purple_bed":1,"minecraft:coarse_dirt":1,"minecraft:cobblestone_wall":8,"blue_skies:frostbright_trapdoor":2,"minecraft:ice":4,"minecraft:gray_bed":1,"minecraft:spruce_log":212,"minecraft:coal_ore":18,"vampirism:fire_place":1,"minecraft:gravel":2,"minecraft:cobweb":63,"minecraft:spruce_fence_gate":2,"minecraft:fern":5},"minecraft:killed_by":{"gothic:shadowbeast":1,"hmag:zombie_girl":1,"grimoireofgaia:bone_knight":1,"minecraft:cave_spider":1,"grimoireofgaia:minotaurus":1,"grimoireofgaia:dwarf":1,"minecraft:vex":1,"minecraft:player":3,"gothic:stone_guardian":1,"minecraft:skeleton":6,"minecraft:giant":1},"minecraft:picked_up":{"minecraft:wheat":21,"minecraft:diamond_sword":3,"minecraft:oak_stairs":1,"domesticationinnovation:pet_bed_purple":1,"minecraft:dark_oak_pressure_plate":1,"minecraft:string":146,"croptopia:artichoke_seed":2,"alexsmobs:ancient_dart":1,"minecraft:smooth_stone_slab":4,"minecraft:armor_stand":1,"minecraft:zombie_head":1,"vampirism:obi_belt":1,"upgrade_aquatic:river_log":1,"minecraft:gold_nugget":2,"minecraft:smooth_stone":2,"minecraft:spruce_planks":64,"minecraft:cobblestone_slab":1,"minecraft:calcite":2,"minecraft:iron_pickaxe":2,"minecraft:smooth_quartz":12,"minecraft:furnace":1,"minecraft:stick":294,"minecraft:torch":105,"minecraft:spruce_stairs":1,"vampirism:holy_water_bottle_enhanced":1,"tombstone:grave_dust":11,"vampirism:amulet":2,"croptopia:coffee_seed":3,"minecraft:rotten_flesh":46,"minecraft:cyan_terracotta":2,"supplementaries:ash":2,"blue_skies:frostbright_slab":6,"minecraft:cobblestone":478,"minecraft:birch_log":32,"vampirism:weapon_table":1,"minecraft:feather":8,"minecraft:andesite":10,"minecraft:chiseled_quartz_block":8,"minecraft:smoker":2,"minecraft:potato":55,"paraglider:spirit_orb":40,"evilcraft:flesh_humanoid":1,"supplementaries:flax_seeds":5,"minecraft:dirt":128,"minecraft:lantern":10,"hmag:evil_crystal_fragment":2,"minecraft:bone":22,"minecraft:wheat_seeds":49,"minecraft:bamboo":1,"minecraft:glowstone_dust":6,"minecraft:stone_hoe":1,"dtterralith:birch_pine_seed":8,"justhammers:iron_hammer":1,"minecraft:stripped_spruce_log":2,"minecraft:dead_bush":1,"alexsmobs:animal_dictionary":3,"minecraft:barrel":1,"croptopia:spinach_seed":2,"minecraft:mossy_cobblestone":116,"minecraft:light_gray_concrete":4,"minecraft:polished_andesite":9,"minecraft:spruce_fence_gate":2,"minecraft:soul_lantern":2,"waystones:waystone":2,"gothic:scavenger_egg":3,"bossominium:the_bossdexium":1,"minecraft:golden_apple":1,"minecraft:spruce_sign":6,"minecraft:emerald":11,"minecraft:light_gray_carpet":4,"croptopia:zucchini_seed":2,"atlantis:aquamarine_gem":5,"croptopia:toast":72,"minecraft:charcoal":2,"minecraft:crafting_table":4,"minecraft:coarse_dirt":5,"minecraft:azure_bluet":3,"minecraft:splash_potion":4,"dynamictrees:spruce_seed":12,"croptopia:sweetpotato_seed":2,"minecraft:redstone_lamp":2,"minecraft:brown_mushroom":1,"minecraft:gold_block":3,"blue_skies:frostbright_door":2,"minecraft:iron_axe":2,"minecraft:candle":6,"minecraft:iron_nugget":4,"minecraft:poppy":8,"minecraft:spruce_slab":1,"minecraft:lectern":2,"blue_skies:frostbright_stairs":28,"minecraft:sugar_cane":4,"minecraft:chest":5,"minecraft:spruce_trapdoor":14,"minecraft:raw_iron":22,"grimoireofgaia:meat":2,"sophisticatedbackpacks:backpack":1,"minecraft:carrot":10,"minecraft:redstone":67,"croptopia:yam_seed":2,"minecraft:purple_candle":2,"butchercraft:chicken_scraps":1,"minecraft:arrow":38,"minecraft:stone_shovel":1,"minecraft:beetroot_seeds":5,"minecraft:hay_block":6,"minecraft:gold_ingot":5,"tombstone:essence_of_undeath":1,"butchercraft:beef_scraps":15,"minecraft:skeleton_skull":3,"exoticbirds:raw_birdmeat":7,"minecraft:white_wool":2,"minecraft:oxeye_daisy":2,"minecraft:cracked_deepslate_tiles":1,"minecraft:leather":2,"blue_skies:frostbright_planks":6,"croptopia:glowing_calamari":3,"minecraft:filled_map":1,"blue_skies:moonstone":1,"gothic:river_plant":1,"minecraft:gunpowder":1,"oaks_decor:sand_castles":1,"minecraft:cobblestone_wall":17,"minecraft:cobblestone_stairs":3,"dtterralith:black_poplar_seed":25,"tombstone:gift":1,"minecraft:blue_bed":3,"minecraft:paper":9,"exoticbirds:cooked_birdmeat":2,"vampirism:human_heart":2,"minecraft:stone_bricks":2,"guideapi_vp:vampirism-guidebook":1,"minecraft:iron_ingot":9,"minecraft:stone_pickaxe":1,"minecraft:cobweb":2,"tombstone:bag_of_seeds":2,"croptopia:elderberry_seed":2,"minecraft:soul_sand":3,"minecraft:iron_sword":5,"minecraft:polished_andesite_stairs":4,"minecraft:black_candle":3,"minecraft:sweet_berries":1,"minecraft:chiseled_stone_bricks":1,"vampirism:fire_place":1,"minecraft:dandelion":6,"blue_skies:frostbright_trapdoor":2,"gothic:cheese":1,"minecraft:white_bed":6,"minecraft:spruce_log":402,"grimoireofgaia:box_iron":1,"minecraft:spider_eye":9,"minecraft:spruce_door":1,"butchercraft:leather_scrap":7,"gothic:meat":2,"minecraft:light_gray_candle":2,"minecraft:stone_axe":2,"evilcraft:dark_gem":13,"minecraft:mossy_cobblestone_stairs":2,"tombstone:magic_scroll":1,"minecraft:coal":20},"minecraft:custom":{"minecraft:interact_with_crafting_table":40,"minecraft:open_barrel":32,"minecraft:leave_game":9,"minecraft:time_since_death":5368,"minecraft:damage_resisted":236,"minecraft:sprint_one_cm":1035570,"minecraft:drop":167,"minecraft:talked_to_villager":32,"minecraft:play_time":333838,"minecraft:deaths":18,"minecraft:jump":4849,"minecraft:walk_on_water_one_cm":14399,"minecraft:interact_with_furnace":15,"minecraft:traded_with_villager":1,"minecraft:sleep_in_bed":16,"minecraft:waystone_activated":7,"minecraft:damage_dealt":21086,"minecraft:crouch_one_cm":4851,"tombstone:undead_killed":64,"tombstone:villager_killed":1,"minecraft:interact_with_smoker":20,"minecraft:inspect_dispenser":3,"minecraft:mob_kills":100,"minecraft:interact_with_campfire":64,"minecraft:climb_one_cm":18980,"minecraft:walk_one_cm":704960,"minecraft:damage_dealt_absorbed":1275,"minecraft:sneak_time":2512,"minecraft:walk_under_water_one_cm":2278,"minecraft:boat_one_cm":16158,"minecraft:interact_with_blast_furnace":4,"minecraft:total_world_time":333838,"minecraft:tune_noteblock":36,"minecraft:interact_with_grindstone":1,"minecraft:time_since_rest":5203,"minecraft:damage_taken":10544,"minecraft:damage_absorbed":40,"minecraft:minecart_one_cm":622,"minecraft:swim_one_cm":32238,"minecraft:fly_one_cm":1168550,"minecraft:open_chest":177,"minecraft:fall_one_cm":101248},"minecraft:broken":{"minecraft:iron_boots":1,"justhammers:iron_hammer":1,"minecraft:iron_helmet":1},"minecraft:crafted":{"minecraft:bow":1,"minecraft:chest":17,"minecraft:stone_hoe":1,"blue_skies:blue_journal":1,"minecraft:crafting_table":2,"minecraft:spruce_planks":230,"minecraft:baked_potato":22,"minecraft:stick":4,"minecraft:iron_ingot":2,"minecraft:spruce_fence_gate":1,"minecraft:stone_shovel":1,"minecraft:bone_meal":18,"minecraft:iron_axe":1,"minecraft:cobblestone_wall":42,"sophisticatedbackpacks:iron_backpack":1,"minecraft:wheat":54,"upgrade_aquatic:river_planks":4,"minecraft:bucket":1,"minecraft:bread":22,"minecraft:air":0,"justhammers:iron_hammer":1,"minecraft:torch":24},"minecraft:killed":{"vampirism:vampire":2,"minecraft:cave_spider":10,"minecraft:spider":10,"alexsmobs:snow_leopard":4,"minecraft:skeleton":36,"minecraft:magma_cube":6,"grimoireofgaia:bone_knight":2,"vampirism:hunter":2,"gothic:scavenger":2,"minecraft:zombie":84,"minecraft:cow":4,"grimoireofgaia:centaur":2,"hmag:zombie_girl":6,"blue_skies:gatekeeper":2,"grimoireofgaia:dwarf":2,"minecraft:bat":2,"gothic:scavenger_young":4,"grimoireofgaia:kobold":4},"minecraft:used":{"minecraft:iron_shovel":4,"minecraft:chest":17,"minecraft:iron_sword":467,"minecraft:lantern":3,"gothic:river_plant":1,"minecraft:furnace":1,"grimoireofgaia:meat":2,"minecraft:potato":21,"minecraft:stone_pickaxe":93,"minecraft:blue_bed":3,"minecraft:diamond_axe":280,"gothic:scavenger_egg":3,"minecraft:golden_apple":1,"gothic:lamb_sausage":1,"minecraft:chiseled_quartz_block":8,"waystones:waystone":2,"minecraft:bread":3,"minecraft:string":1,"minecraft:lectern":1,"minecraft:soul_lantern":1,"supplementaries:flax_seeds":2,"exoticbirds:cooked_birdmeat":2,"croptopia:toast":58,"minecraft:diamond_sword":180,"minecraft:andesite":2,"minecraft:bone_meal":18,"minecraft:armor_stand":1,"minecraft:stone_shovel":99,"minecraft:light_gray_carpet":3,"minecraft:spruce_planks":79,"gothic:meat":1,"minecraft:stone_hoe":66,"minecraft:stick":21,"minecraft:torch":69,"minecraft:dirt":93,"simplyhotsprings:hot_spring_water_bucket":2,"minecraft:cobblestone_wall":39,"minecraft:iron_axe":220,"evilcraft:flesh_humanoid":1,"minecraft:dark_oak_pressure_plate":1,"tombstone:gift":5,"minecraft:wheat_seeds":16,"vampirism:fire_place":1,"minecraft:water_bucket":24,"minecraft:baked_potato":22,"minecraft:spruce_fence_gate":3,"blue_skies:frostbright_stairs":13,"minecraft:crafting_table":6,"minecraft:white_bed":5,"minecraft:smoker":2,"minecraft:spruce_log":11,"justhammers:iron_hammer":218,"tombstone:bag_of_seeds":4,"minecraft:apple":4,"minecraft:iron_pickaxe":86,"tombstone:magic_scroll":1,"gothic:innos_tears":1,"minecraft:stone_axe":1,"minecraft:cobblestone":73,"minecraft:bucket":26,"alexsmobs:animal_dictionary":1,"minecraft:splash_potion":1}},"DataVersion":3120}