{"stats":{"minecraft:crafted":{"blue_skies:blue_journal":1,"minecraft:crafting_table":1,"minecraft:spruce_planks":12,"upgrade_aquatic:river_planks":4,"justhammers:iron_hammer":1,"minecraft:iron_axe":1,"minecraft:stick":4},"minecraft:custom":{"minecraft:interact_with_furnace":2,"minecraft:mob_kills":26,"minecraft:traded_with_villager":1,"minecraft:interact_with_crafting_table":23,"minecraft:open_barrel":3,"minecraft:tune_noteblock":36,"minecraft:interact_with_campfire":30,"minecraft:interact_with_grindstone":1,"minecraft:leave_game":6,"minecraft:time_since_death":1891,"minecraft:damage_resisted":236,"minecraft:sleep_in_bed":3,"minecraft:climb_one_cm":16621,"minecraft:time_since_rest":1375,"minecraft:waystone_activated":1,"minecraft:damage_taken":3126,"minecraft:sprint_one_cm":302500,"minecraft:walk_one_cm":144661,"minecraft:drop":42,"minecraft:damage_dealt":6802,"minecraft:damage_dealt_absorbed":854,"minecraft:swim_one_cm":22333,"minecraft:talked_to_villager":3,"minecraft:fly_one_cm":435384,"minecraft:open_chest":24,"minecraft:crouch_one_cm":1482,"minecraft:play_time":92363,"minecraft:sneak_time":699,"tombstone:undead_killed":13,"minecraft:deaths":4,"minecraft:walk_under_water_one_cm":853,"tombstone:villager_killed":1,"minecraft:jump":1571,"minecraft:interact_with_blast_furnace":3,"minecraft:walk_on_water_one_cm":4721,"minecraft:total_world_time":92363,"minecraft:interact_with_smoker":4,"minecraft:fall_one_cm":34634,"minecraft:inspect_dispenser":3},"minecraft:killed_by":{"gothic:shadowbeast":1,"minecraft:player":1,"grimoireofgaia:minotaurus":1,"gothic:stone_guardian":1},"minecraft:used":{"minecraft:armor_stand":1,"minecraft:stone_pickaxe":23,"minecraft:iron_sword":246,"minecraft:torch":12,"minecraft:dirt":15,"minecraft:crafting_table":3,"minecraft:chiseled_quartz_block":8,"justhammers:iron_hammer":10,"minecraft:apple":4,"minecraft:iron_axe":12,"minecraft:bread":3,"minecraft:string":1,"gothic:innos_tears":1,"gothic:river_plant":1,"croptopia:toast":23,"tombstone:gift":2,"grimoireofgaia:meat":2,"alexsmobs:animal_dictionary":1},"minecraft:mined":{"upgrade_aquatic:river_log":1,"minecraft:candle":2,"blue_skies:moonstone":1,"minecraft:chiseled_quartz_block":8,"vampirism:totem_top_vampirism_hunter":1,"minecraft:crafting_table":3,"minecraft:torch":2,"minecraft:grass_block":15,"minecraft:lectern":1,"minecraft:tall_grass":3,"minecraft:cobblestone":1,"gothic:river_plant":1,"minecraft:wall_torch":11,"minecraft:blue_bed":1,"minecraft:spawner":1,"minecraft:large_fern":1,"minecraft:glowstone":1,"minecraft:ice":1,"realmrpg_skeletons:acrobat_skeleton":1,"minecraft:andesite":1,"minecraft:pumpkin":1,"dtterralith:spruce_bush_leaves":1,"domesticationinnovation:pet_bed_purple":1,"minecraft:grass":23,"minecraft:coal_ore":9,"blue_skies:spider_webbing":3,"minecraft:lantern":1,"minecraft:sand":1,"minecraft:dirt":3,"minecraft:cobweb":2,"minecraft:tripwire":1},"minecraft:killed":{"minecraft:magma_cube":6,"grimoireofgaia:centaur":2,"minecraft:skeleton":22,"minecraft:zombie":4,"blue_skies:gatekeeper":2,"grimoireofgaia:kobold":2},"minecraft:dropped":{"minecraft:enchanted_book":1,"minecraft:iron_sword":2,"minecraft:sugar_cane":4,"minecraft:wheat_seeds":1,"croptopia:toast":11,"alexsmobs:animal_dictionary":4,"minecraft:glass_bottle":1,"blue_skies:moonstone":1,"minecraft:cobblestone":3,"minecraft:apple":1,"minecraft:glowstone_dust":6,"minecraft:azure_bluet":1,"guideapi_vp:vampirism-guidebook":2,"minecraft:light_gray_concrete":4,"evilcraft:flesh_humanoid":1,"vampirism:amulet":1,"bossominium:the_bossdexium":1,"minecraft:poppy":1,"minecraft:chiseled_stone_bricks":1,"minecraft:dirt":1,"minecraft:leather_chestplate":1,"minecraft:redstone_lamp":2,"supplementaries:ash":2,"minecraft:torch":1,"minecraft:andesite":1,"minecraft:cracked_deepslate_tiles":1,"tombstone:grave_dust":1,"minecraft:leather_leggings":1,"minecraft:spruce_slab":1,"minecraft:iron_axe":1,"minecraft:dandelion":1},"minecraft:picked_up":{"minecraft:cracked_deepslate_tiles":1,"minecraft:crafting_table":3,"minecraft:azure_bluet":1,"minecraft:andesite":1,"minecraft:redstone_lamp":2,"minecraft:leather":2,"minecraft:chiseled_quartz_block":8,"minecraft:potato":1,"blue_skies:moonstone":1,"paraglider:spirit_orb":2,"gothic:river_plant":1,"domesticationinnovation:pet_bed_purple":1,"minecraft:dirt":17,"minecraft:blue_bed":1,"minecraft:string":9,"minecraft:lantern":1,"minecraft:iron_axe":1,"minecraft:armor_stand":1,"minecraft:bone":11,"minecraft:wheat_seeds":2,"upgrade_aquatic:river_log":1,"minecraft:candle":5,"guideapi_vp:vampirism-guidebook":1,"minecraft:poppy":1,"minecraft:stone_pickaxe":1,"minecraft:lectern":1,"minecraft:iron_nugget":2,"minecraft:smooth_quartz":12,"minecraft:spruce_slab":1,"minecraft:glowstone_dust":6,"minecraft:sugar_cane":4,"minecraft:iron_sword":1,"minecraft:stick":2,"grimoireofgaia:meat":2,"minecraft:chiseled_stone_bricks":1,"minecraft:torch":14,"minecraft:dandelion":1,"grimoireofgaia:box_iron":1,"tombstone:grave_dust":1,"vampirism:amulet":2,"alexsmobs:animal_dictionary":3,"minecraft:light_gray_concrete":4,"minecraft:arrow":15,"minecraft:rotten_flesh":3,"waystones:waystone":1,"bossominium:the_bossdexium":1,"minecraft:golden_apple":1,"supplementaries:ash":2,"minecraft:coal":9,"minecraft:cobblestone":3,"croptopia:toast":40}},"DataVersion":3120}