{"stats":{"minecraft:picked_up":{"minecraft:iron_chestplate":1,"minecraft:wheat":26,"minecraft:stone_slab":15,"minecraft:diamond_sword":6,"minecraft:oak_stairs":1,"minecraft:potion":2,"butchercraft:pork_scraps":3,"minecraft:stone_brick_stairs":17,"minecraft:brewing_stand":1,"domesticationinnovation:pet_bed_purple":2,"minecraft:lapis_block":1,"croptopia:artichoke_seed":2,"minecraft:string":147,"minecraft:dark_oak_pressure_plate":1,"minecraft:raw_copper":43,"alexsmobs:ancient_dart":1,"minecraft:smooth_stone_slab":5,"minecraft:iron_leggings":3,"minecraft:armor_stand":1,"minecraft:zombie_head":1,"vampirism:obi_belt":1,"minecraft:smooth_stone":2,"upgrade_aquatic:river_log":1,"minecraft:gold_nugget":11,"minecraft:cobbled_deepslate":460,"minecraft:bucket":2,"minecraft:spruce_planks":287,"minecraft:cobblestone_slab":2,"minecraft:calcite":24,"minecraft:iron_pickaxe":6,"dynamictrees:oak_seed":4,"minecraft:smooth_quartz":12,"minecraft:coal_block":6,"minecraft:iron_boots":1,"minecraft:furnace":1,"minecraft:stick":375,"minecraft:torch":286,"minecraft:spruce_stairs":1,"vampirism:holy_water_bottle_enhanced":1,"tombstone:grave_dust":16,"vampirism:vampire_fang":1,"vampirism:amulet":2,"croptopia:coffee_seed":3,"minecraft:stone_sword":1,"evilcraft:box_of_eternal_closure":1,"minecraft:rotten_flesh":81,"minecraft:cyan_terracotta":2,"hexerei:herb_drying_rack":1,"supplementaries:ash":19,"blue_skies:frostbright_slab":6,"minecraft:cobblestone":4475,"paraglider:paraglider":1,"minecraft:birch_log":35,"minecraft:magma_block":7,"minecraft:mossy_cobblestone_slab":14,"vampirism:weapon_table":1,"minecraft:feather":11,"minecraft:andesite":236,"minecraft:chiseled_quartz_block":8,"minecraft:mud_brick_stairs":2,"minecraft:smoker":3,"minecraft:potato":771,"paraglider:spirit_orb":42,"minecraft:flint":1,"minecraft:tuff":1,"create:raw_zinc":5,"evilcraft:flesh_humanoid":3,"supplementaries:flax_seeds":13,"cataclysm:stone_tile_slab":20,"minecraft:lapis_lazuli":19,"minecraft:dirt":802,"minecraft:lantern":25,"hmag:evil_crystal_fragment":2,"minecraft:bone":48,"minecraft:bow":4,"minecraft:wheat_seeds":183,"minecraft:raw_gold":5,"minecraft:bamboo":1,"minecraft:glowstone_dust":7,"minecraft:stone_hoe":1,"dtterralith:birch_pine_seed":8,"hexerei:animal_fat":1,"hmag:soul_powder":1,"minecraft:poisonous_potato":13,"gothic:meat_cooked":1,"justhammers:iron_hammer":2,"hexerei:sage":66,"minecraft:stripped_spruce_log":4,"minecraft:dead_bush":1,"hmag:kobold_leather":1,"croptopia:spinach_seed":2,"minecraft:barrel":1,"alexsmobs:animal_dictionary":3,"minecraft:mossy_cobblestone":118,"minecraft:light_gray_concrete":4,"minecraft:polished_andesite":9,"minecraft:spruce_fence_gate":2,"minecraft:spruce_boat":1,"minecraft:soul_lantern":3,"waystones:waystone":2,"bossominium:the_bossdexium":1,"gothic:scavenger_egg":3,"minecraft:golden_apple":1,"minecraft:spruce_sign":6,"minecraft:emerald":16,"minecraft:light_gray_carpet":4,"croptopia:zucchini_seed":2,"grimoireofgaia:fur":1,"croptopia:toast":72,"atlantis:aquamarine_gem":35,"minecraft:spruce_leaves":3,"minecraft:charcoal":2,"minecraft:coarse_dirt":513,"minecraft:crafting_table":5,"minecraft:splash_potion":4,"minecraft:azure_bluet":3,"grimoireofgaia:soulfire":1,"minecraft:clay_ball":4,"minecraft:brown_mushroom":4,"minecraft:redstone_lamp":2,"croptopia:sweetpotato_seed":4,"dynamictrees:spruce_seed":27,"minecraft:gold_block":3,"blue_skies:frostbright_door":2,"gothic:waterpipe":2,"minecraft:iron_axe":2,"minecraft:iron_shovel":1,"minecraft:blackstone":1,"minecraft:candle":6,"minecraft:iron_nugget":13,"minecraft:poppy":11,"minecraft:light_gray_wool":1,"minecraft:spruce_slab":16,"minecraft:lectern":2,"blue_skies:frostbright_stairs":28,"minecraft:sugar_cane":4,"minecraft:chest":6,"minecraft:spruce_trapdoor":14,"minecraft:raw_iron":95,"minecraft:stone":61,"grimoireofgaia:meat":4,"butchercraft:white_bunny_ears":1,"sophisticatedbackpacks:backpack":1,"minecraft:carrot":11,"minecraft:redstone":71,"croptopia:yam_seed":2,"hexerei:sage_seed":140,"minecraft:purple_candle":2,"butchercraft:chicken_scraps":1,"minecraft:arrow":51,"minecraft:stone_shovel":1,"minecraft:beetroot_seeds":5,"minecraft:pumpkin_pie":1,"minecraft:shears":1,"minecraft:hay_block":6,"grimoireofgaia:cursed_metal_sword":2,"minecraft:gold_ingot":25,"tombstone:essence_of_undeath":1,"butchercraft:beef_scraps":15,"minecraft:glow_berries":3,"minecraft:skeleton_skull":9,"exoticbirds:raw_birdmeat":11,"minecraft:white_wool":4,"minecraft:oxeye_daisy":2,"minecraft:cracked_deepslate_tiles":1,"vampirism:vampire_blood_bottle":1,"vampirism:item_tent":1,"minecraft:glow_ink_sac":7,"minecraft:leather":13,"blue_skies:frostbright_planks":6,"croptopia:glowing_calamari":6,"minecraft:filled_map":1,"grimoireofgaia:bone_shield":2,"blue_skies:moonstone":1,"gothic:river_plant":1,"minecraft:oak_log":14,"gothic:magic_ore_nugget":2,"oaks_decor:sand_castles":1,"minecraft:cobblestone_wall":32,"minecraft:gunpowder":3,"minecraft:cobblestone_stairs":3,"dtterralith:black_poplar_seed":25,"minecraft:blue_bed":4,"minecraft:paper":9,"exoticbirds:cooked_birdmeat":2,"tombstone:gift":1,"naturalist:glow_goop":1,"vampirism:human_heart":2,"minecraft:stone_bricks":540,"alexsmobs:cockroach_wing_fragment":1,"guideapi_vp:vampirism-guidebook":1,"minecraft:iron_ingot":10,"minecraft:stone_pickaxe":1,"minecraft:cobweb":2,"tombstone:bag_of_seeds":3,"minecraft:glass_bottle":1,"croptopia:elderberry_seed":2,"minecraft:iron_sword":5,"minecraft:soul_sand":3,"hexerei:mixing_cauldron":1,"myceliummire:mycliated_dirt":2,"minecraft:polished_andesite_stairs":4,"minecraft:black_candle":3,"minecraft:sweet_berries":6,"minecraft:chiseled_stone_bricks":1,"vampirism:fire_place":2,"minecraft:stone_brick_slab":311,"minecraft:dandelion":6,"blue_skies:frostbright_trapdoor":2,"gothic:cheese":2,"minecraft:gravel":8,"minecraft:lava_bucket":3,"minecraft:white_bed":6,"minecraft:spruce_log":470,"grimoireofgaia:box_iron":1,"minecraft:spider_eye":10,"minecraft:spruce_door":1,"butchercraft:leather_scrap":7,"gothic:meat":5,"hexerei:sage_burning_plate":2,"minecraft:light_gray_candle":2,"minecraft:stone_axe":2,"evilcraft:dark_gem":17,"gothic:meadow_knotweed":1,"butchercraft:lamb_scraps":6,"minecraft:diamond_axe":1,"minecraft:mossy_cobblestone_stairs":2,"minecraft:baked_potato":115,"tombstone:magic_scroll":1,"minecraft:coal":180},"minecraft:killed":{"vampirism:vampire":6,"minecraft:cave_spider":10,"vampirism:advanced_vampire":2,"minecraft:spider":16,"alexsmobs:snow_leopard":4,"grimoireofgaia:minotaurus":2,"minecraft:skeleton":64,"minecraft:silverfish":6,"minecraft:illusioner":4,"gothic:cave_molerat":2,"grimoireofgaia:flesh_lich":6,"minecraft:magma_cube":6,"minecraft:pig":2,"naturalist:firefly":2,"grimoireofgaia:bone_knight":10,"alexsmobs:seal":2,"minecraft:creeper":2,"gothic:lurker":2,"vampirism:hunter":2,"minecraft:sheep":6,"gothic:scavenger":2,"gothic:snapper":4,"minecraft:zombie":140,"grimoireofgaia:harpy":6,"minecraft:glow_squid":2,"minecraft:cow":4,"minecraft:giant":2,"grimoireofgaia:centaur":4,"hmag:zombie_girl":12,"blue_skies:gatekeeper":2,"grimoireofgaia:dwarf":2,"grimoireofgaia:dullahan":2,"hmag:ghost":2,"naturalist:bear":2,"minecraft:bat":2,"hmag:kobold":2,"gothic:scavenger_young":4,"alexsmobs:cockroach":2,"grimoireofgaia:arachne":2,"grimoireofgaia:werecat":4,"grimoireofgaia:kobold":6,"minecraft:player":5},"minecraft:used":{"grimoireofgaia:bone_shield":1,"minecraft:iron_shovel":1037,"minecraft:spruce_slab":15,"minecraft:poppy":3,"minecraft:chest":19,"minecraft:iron_sword":472,"gothic:waterpipe":2,"minecraft:stripped_spruce_log":2,"minecraft:spruce_boat":1,"minecraft:lantern":17,"minecraft:mossy_cobblestone_slab":15,"gothic:river_plant":1,"minecraft:stone_brick_stairs":26,"minecraft:stone_bricks":1569,"minecraft:magma_block":1,"minecraft:bow":71,"minecraft:sweet_berries":21,"minecraft:furnace":2,"grimoireofgaia:meat":2,"minecraft:skeleton_skull":7,"minecraft:potato":103,"cataclysm:stone_tile_slab":103,"minecraft:stone_pickaxe":93,"butchercraft:cooked_beef_scraps":3,"minecraft:diamond_axe":425,"minecraft:blue_bed":4,"gothic:scavenger_egg":3,"minecraft:golden_apple":1,"minecraft:white_wool":2,"gothic:lamb_sausage":6,"gothic:meat_cooked":3,"minecraft:blast_furnace":2,"hmag:randomberry":5,"gothic:cheese":1,"minecraft:chiseled_quartz_block":8,"minecraft:shears":4,"waystones:waystone":2,"minecraft:bread":5,"minecraft:string":1,"exoticbirds:cooked_birdmeat":6,"minecraft:lectern":1,"minecraft:gravel":5,"hexerei:mixing_cauldron":2,"minecraft:soul_lantern":2,"supplementaries:flax_seeds":2,"domesticationinnovation:pet_bed_purple":2,"croptopia:toast":58,"minecraft:diamond_sword":827,"myceliummire:mycliated_dirt":1,"minecraft:andesite":6,"minecraft:experience_bottle":1,"minecraft:coarse_dirt":495,"minecraft:bone_meal":96,"minecraft:flint_and_steel":19,"minecraft:armor_stand":1,"minecraft:stone_shovel":99,"minecraft:light_gray_carpet":3,"minecraft:spruce_planks":1011,"gothic:meat":1,"minecraft:stone_hoe":66,"minecraft:stick":21,"minecraft:torch":266,"minecraft:dirt":836,"simplyhotsprings:hot_spring_water_bucket":2,"minecraft:cobblestone_wall":306,"farmersdelight:beef_patty":3,"minecraft:iron_hoe":248,"minecraft:stone_brick_slab":319,"minecraft:iron_axe":220,"evilcraft:box_of_eternal_closure":1,"evilcraft:flesh_humanoid":3,"minecraft:dark_oak_pressure_plate":1,"tombstone:gift":5,"hexerei:herb_drying_rack":3,"minecraft:wheat_seeds":16,"minecraft:water_bucket":132,"vampirism:fire_place":2,"minecraft:baked_potato":256,"gothic:meadow_knotweed":1,"minecraft:spruce_fence_gate":3,"minecraft:stonecutter":1,"blue_skies:frostbright_stairs":13,"minecraft:crafting_table":7,"minecraft:white_bed":5,"tombstone:bag_of_seeds":4,"minecraft:spruce_log":12,"justhammers:iron_hammer":1245,"minecraft:smoker":4,"minecraft:oak_log":13,"minecraft:apple":4,"hexerei:sage_seed":37,"minecraft:iron_pickaxe":757,"hexerei:sage_burning_plate":2,"tombstone:magic_scroll":1,"minecraft:stone_slab":6,"gothic:innos_tears":1,"naturalist:glow_goop":1,"minecraft:stone_axe":1,"minecraft:cobblestone":451,"minecraft:potion":1,"minecraft:bucket":146,"minecraft:pumpkin_pie":1,"alexsmobs:animal_dictionary":1,"minecraft:splash_potion":1},"minecraft:custom":{"minecraft:animals_bred":1,"minecraft:interact_with_crafting_table":102,"minecraft:open_barrel":38,"minecraft:bell_ring":1,"minecraft:leave_game":29,"minecraft:time_since_death":4466,"minecraft:damage_resisted":1480,"minecraft:sprint_one_cm":3067910,"minecraft:damage_blocked_by_shield":105,"minecraft:drop":254,"minecraft:talked_to_villager":109,"minecraft:play_time":995395,"minecraft:deaths":36,"minecraft:jump":14375,"minecraft:walk_on_water_one_cm":97254,"minecraft:interact_with_furnace":298,"minecraft:traded_with_villager":1,"minecraft:sleep_in_bed":50,"minecraft:waystone_activated":8,"minecraft:damage_dealt":49474,"minecraft:player_kills":8,"minecraft:crouch_one_cm":68350,"tombstone:undead_killed":117,"tombstone:villager_killed":1,"minecraft:interact_with_smoker":53,"minecraft:inspect_dispenser":3,"minecraft:mob_kills":262,"minecraft:interact_with_campfire":64,"minecraft:climb_one_cm":22121,"minecraft:walk_one_cm":2109791,"minecraft:damage_dealt_absorbed":9980,"minecraft:sneak_time":21416,"minecraft:walk_under_water_one_cm":53642,"minecraft:boat_one_cm":153377,"minecraft:interact_with_blast_furnace":28,"minecraft:total_world_time":995395,"tombstone:raider_killed":2,"minecraft:tune_noteblock":36,"minecraft:interact_with_stonecutter":28,"minecraft:interact_with_grindstone":1,"minecraft:time_since_rest":4082,"minecraft:damage_taken":26826,"minecraft:damage_absorbed":40,"minecraft:minecart_one_cm":622,"tombstone:cast_on_ally":0,"minecraft:swim_one_cm":170850,"minecraft:fly_one_cm":3206851,"minecraft:open_chest":499,"minecraft:fall_one_cm":290997},"minecraft:crafted":{"hexerei:mixing_cauldron":1,"croptopia:toast":12,"minecraft:stone":1035,"paraglider:deku_leaf":2,"cataclysm:stone_tile_slab":4,"minecraft:bow":1,"minecraft:iron_boots":1,"minecraft:mossy_cobblestone_slab":14,"minecraft:chest":17,"minecraft:stone_hoe":1,"minecraft:stone_bricks":1036,"blue_skies:blue_journal":1,"minecraft:cauldron":1,"minecraft:crafting_table":3,"minecraft:spruce_planks":1010,"minecraft:iron_helmet":1,"minecraft:baked_potato":206,"minecraft:copper_ingot":24,"farmersdelight:beef_patty":8,"butchercraft:cooked_beef_scraps":3,"minecraft:stone_brick_stairs":3,"minecraft:iron_chestplate":2,"minecraft:stick":4,"minecraft:stone_slab":8,"minecraft:iron_pickaxe":2,"minecraft:iron_ingot":77,"minecraft:gold_ingot":1,"minecraft:spruce_fence_gate":1,"minecraft:stone_shovel":1,"minecraft:stone_button":4,"mca:bouquet":1,"minecraft:bone_meal":96,"minecraft:flint_and_steel":1,"minecraft:iron_axe":1,"minecraft:spruce_slab":60,"minecraft:cobblestone_wall":42,"minecraft:wheat":54,"sophisticatedbackpacks:iron_backpack":1,"paraglider:paraglider":3,"hexerei:sage_bundle":6,"gothic:meat_cooked":3,"upgrade_aquatic:river_planks":4,"hexerei:herb_drying_rack":2,"minecraft:bucket":1,"minecraft:bread":22,"minecraft:air":0,"justhammers:iron_hammer":9,"exoticbirds:cooked_birdmeat":4,"minecraft:iron_shovel":1,"minecraft:stonecutter":1,"minecraft:torch":44},"minecraft:mined":{"minecraft:spruce_planks":116,"minecraft:white_bed":6,"minecraft:farmland":10,"dtterralith:spruce_short_conifer_leaves":2,"minecraft:cobblestone_stairs":2,"myceliummire:mycliated_dirt":4,"blue_skies:moonstone":1,"minecraft:brewing_stand":1,"minecraft:spruce_trapdoor":16,"minecraft:grass_block":680,"vampirism:weapon_table":1,"minecraft:coal_block":6,"minecraft:mud_bricks":2,"gothic:river_plant":1,"minecraft:oxeye_daisy":2,"minecraft:spawner":8,"minecraft:magma_block":8,"minecraft:mossy_cobblestone_slab":15,"minecraft:glowstone":1,"minecraft:mossy_cobblestone_stairs":2,"minecraft:iron_ore":59,"minecraft:barrel":1,"minecraft:fire":29,"myceliummire:cagefiungus":1,"minecraft:pumpkin":1,"domesticationinnovation:pet_bed_purple":2,"vampirism:tent":1,"minecraft:azure_bluet":1,"minecraft:skeleton_wall_skull":2,"supplementaries:stick":11,"minecraft:dirt_path":25,"blue_skies:spider_webbing":3,"minecraft:oak_stairs":1,"minecraft:black_candle":1,"minecraft:spruce_slab":15,"minecraft:tripwire":1,"minecraft:brown_mushroom":1,"minecraft:cyan_terracotta":1,"hexerei:herb_drying_rack":1,"minecraft:blackstone":1,"minecraft:smoker":3,"minecraft:soul_lantern":2,"minecraft:chiseled_quartz_block":8,"minecraft:torch":75,"minecraft:calcite":5,"minecraft:mud_brick_stairs":2,"minecraft:poppy":5,"minecraft:chest":7,"supplementaries:wild_flax":7,"minecraft:mushroom_stem":7,"minecraft:cobblestone":100,"minecraft:bricks":1,"cataclysm:stone_tile_slab":20,"minecraft:wall_torch":58,"minecraft:skeleton_skull":3,"minecraft:light_gray_candle":1,"evilcraft:dark_ore_deepslate":1,"minecraft:wheat":6,"dtterralith:spruce_bush_leaves":10,"realmrpg_skeletons:acrobat_skeleton":1,"minecraft:smooth_stone_slab":4,"atlantis:aquamarine_ore":2,"minecraft:stone_brick_stairs":20,"minecraft:grass":75,"dtterralith:dark_oak_red_conifer_leaves":1,"minecraft:oak_log":1,"minecraft:dirt":124,"minecraft:sand":1,"structure_gel:dynamic_spawner":2,"oaks_decor:pebbles_2":1,"minecraft:deepslate":10,"create:zinc_ore":1,"minecraft:tuff":1,"upgrade_aquatic:river_log":1,"minecraft:mossy_cobblestone":5,"minecraft:candle":3,"minecraft:purple_candle":1,"gothic:waterpipe":2,"minecraft:dark_oak_pressure_plate":1,"minecraft:brown_mushroom_block":1,"minecraft:moss_block":1,"minecraft:large_fern":10,"minecraft:hay_block":6,"blue_skies:frostbright_stairs":28,"minecraft:furnace":1,"minecraft:andesite":29,"minecraft:stripped_spruce_log":3,"minecraft:gold_block":3,"dynamictrees:spruce_leaves":5,"minecraft:potatoes":44,"minecraft:cobblestone_slab":1,"minecraft:deepslate_iron_ore":18,"blue_skies:frostbright_slab":6,"minecraft:lantern":22,"hexerei:mixing_cauldron":1,"minecraft:stone":48,"supplementaries:wall_lantern":4,"minecraft:white_wool":3,"minecraft:light_gray_carpet":4,"blue_skies:frostbright_planks":6,"minecraft:glass_pane":2,"minecraft:soul_sand":4,"minecraft:stone_brick_slab":90,"minecraft:dandelion":5,"vampirism:totem_top_vampirism_hunter":1,"minecraft:crafting_table":4,"minecraft:tall_grass":31,"minecraft:lectern":2,"minecraft:stone_slab":8,"gothic:scavenger_eggs":1,"minecraft:deepslate_coal_ore":3,"oaks_decor:sand_castle":1,"minecraft:deepslate_gold_ore":1,"minecraft:blue_bed":5,"minecraft:spruce_stairs":2,"supplementaries:urn":8,"minecraft:purple_bed":1,"gothic:meadow_knotweed_wild":1,"minecraft:coarse_dirt":496,"minecraft:cobblestone_wall":20,"blue_skies:frostbright_trapdoor":2,"minecraft:sweet_berry_bush":3,"minecraft:ice":4,"minecraft:gray_bed":1,"minecraft:spruce_log":214,"minecraft:mycelium":1,"minecraft:coal_ore":83,"vampirism:fire_place":2,"minecraft:gravel":12,"minecraft:cobweb":63,"hexerei:sage_crop":6,"minecraft:spruce_fence_gate":2,"minecraft:stone_bricks":146,"minecraft:gold_ore":4,"minecraft:fern":9},"minecraft:killed_by":{"gothic:shadowbeast":1,"upgrade_aquatic:thrasher":2,"hmag:zombie_girl":2,"grimoireofgaia:arachne":1,"grimoireofgaia:bone_knight":1,"minecraft:cave_spider":1,"grimoireofgaia:minotaurus":1,"minecraft:zombie":2,"grimoireofgaia:dwarf":1,"minecraft:vex":1,"minecraft:player":7,"gothic:stone_guardian":1,"grimoireofgaia:flesh_lich":4,"minecraft:skeleton":7,"minecraft:giant":3,"grimoireofgaia:creep":1},"minecraft:dropped":{"minecraft:spruce_sign":6,"minecraft:iron_sword":5,"minecraft:brown_mushroom":4,"minecraft:diamond_axe":1,"gothic:meat_cooked":1,"minecraft:baked_potato":6,"minecraft:glass_bottle":3,"mca:bouquet":1,"dynamictrees:spruce_seed":5,"paraglider:spirit_orb":22,"minecraft:emerald":13,"minecraft:cyan_terracotta":2,"minecraft:dirt":52,"minecraft:redstone_lamp":2,"minecraft:stone_button":2,"minecraft:cracked_deepslate_tiles":1,"minecraft:gold_nugget":2,"minecraft:iron_pickaxe":5,"paraglider:paraglider":1,"hexerei:sage":4,"minecraft:gold_ingot":6,"minecraft:bone":4,"minecraft:stone_axe":2,"minecraft:sugar_cane":4,"croptopia:toast":13,"dynamictrees:oak_seed":4,"minecraft:iron_nugget":8,"alexsmobs:animal_dictionary":4,"atlantis:aquamarine_gem":9,"minecraft:wheat":11,"minecraft:rotten_flesh":1,"minecraft:glowstone_dust":6,"guideapi_vp:vampirism-guidebook":2,"justhammers:iron_hammer":2,"minecraft:azure_bluet":1,"evilcraft:flesh_humanoid":6,"minecraft:carrot":11,"paraglider:deku_leaf":1,"minecraft:chiseled_stone_bricks":1,"minecraft:poppy":7,"minecraft:leather_chestplate":1,"supplementaries:flax_seeds":3,"supplementaries:ash":3,"croptopia:spinach_seed":2,"minecraft:gunpowder":3,"grimoireofgaia:cursed_metal_sword":2,"minecraft:skeleton_skull":1,"minecraft:beetroot_seeds":5,"minecraft:leather_leggings":1,"minecraft:spruce_slab":1,"minecraft:arrow":11,"minecraft:splash_potion":6,"minecraft:enchanted_book":2,"minecraft:water_bucket":1,"minecraft:stone_hoe":2,"minecraft:iron_ingot":1,"minecraft:stripped_spruce_log":2,"minecraft:wheat_seeds":1,"minecraft:mossy_cobblestone":5,"minecraft:poisonous_potato":9,"blue_skies:moonstone":1,"minecraft:feather":3,"minecraft:cobblestone":1580,"minecraft:apple":1,"minecraft:spruce_stairs":1,"minecraft:coal":9,"vampirism:amulet":1,"bossominium:the_bossdexium":1,"minecraft:stick":1,"minecraft:polished_andesite":9,"minecraft:lava_bucket":3,"minecraft:torch":4,"minecraft:zombie_head":1,"tombstone:grave_dust":3,"minecraft:potion":2,"minecraft:iron_leggings":1,"minecraft:dead_bush":1,"minecraft:polished_andesite_stairs":4,"minecraft:iron_axe":2,"minecraft:mossy_cobblestone_stairs":2,"minecraft:string":61,"croptopia:coffee_seed":3,"hmag:evil_crystal_fragment":5,"minecraft:redstone":3,"minecraft:dandelion":1,"croptopia:yam_seed":4,"croptopia:glowing_calamari":3,"hexerei:sage_seed":1,"minecraft:stone_sword":1,"minecraft:coarse_dirt":5,"minecraft:cobblestone_wall":30,"minecraft:smooth_stone_slab":2,"minecraft:raw_iron":9,"minecraft:iron_boots":1,"alexsmobs:ancient_dart":1,"minecraft:stone_slab":1,"minecraft:light_gray_concrete":4,"hexerei:sage_burning_plate":1,"grimoireofgaia:bone_shield":2,"grimoireofgaia:soulfire":1,"minecraft:filled_map":1,"minecraft:diamond_sword":5,"minecraft:andesite":7,"grimoireofgaia:fur":1,"minecraft:golden_sword":1,"minecraft:spider_eye":9,"minecraft:stone_bricks":2,"minecraft:bamboo":1,"tombstone:essence_of_undeath":1,"minecraft:bow":2,"minecraft:purple_candle":2,"minecraft:calcite":1},"minecraft:broken":{"minecraft:iron_shovel":4,"minecraft:iron_boots":3,"butchercraft:white_bunny_ears":1,"minecraft:iron_hoe":1,"justhammers:iron_hammer":7,"minecraft:iron_pickaxe":2,"minecraft:iron_helmet":2}},"DataVersion":3120}