{"stats":{"minecraft:dropped":{"minecraft:enchanted_book":1,"minecraft:iron_sword":2,"minecraft:wheat_seeds":1,"minecraft:glass_bottle":1,"blue_skies:moonstone":1,"minecraft:feather":2,"minecraft:cobblestone":8,"minecraft:apple":1,"vampirism:amulet":1,"bossominium:the_bossdexium":1,"paraglider:spirit_orb":1,"minecraft:dirt":1,"minecraft:redstone_lamp":2,"minecraft:torch":2,"minecraft:cracked_deepslate_tiles":1,"tombstone:grave_dust":2,"minecraft:iron_axe":1,"hmag:evil_crystal_fragment":3,"minecraft:dandelion":1,"minecraft:sugar_cane":4,"croptopia:toast":11,"minecraft:cobblestone_wall":1,"alexsmobs:animal_dictionary":4,"atlantis:aquamarine_gem":2,"minecraft:glowstone_dust":6,"guideapi_vp:vampirism-guidebook":2,"minecraft:light_gray_concrete":4,"minecraft:azure_bluet":1,"evilcraft:flesh_humanoid":1,"minecraft:chiseled_stone_bricks":1,"minecraft:poppy":1,"minecraft:leather_chestplate":1,"supplementaries:ash":2,"minecraft:andesite":1,"minecraft:leather_leggings":1,"minecraft:spruce_slab":1},"minecraft:mined":{"minecraft:spruce_planks":56,"upgrade_aquatic:river_log":1,"minecraft:candle":2,"blue_skies:moonstone":1,"minecraft:grass_block":20,"gothic:river_plant":1,"minecraft:oxeye_daisy":2,"minecraft:spawner":1,"minecraft:large_fern":2,"blue_skies:frostbright_stairs":28,"minecraft:glowstone":1,"minecraft:furnace":1,"minecraft:barrel":1,"minecraft:andesite":14,"domesticationinnovation:pet_bed_purple":1,"minecraft:pumpkin":1,"minecraft:azure_bluet":1,"blue_skies:spider_webbing":3,"blue_skies:frostbright_slab":6,"minecraft:lantern":1,"minecraft:stone":9,"minecraft:tripwire":1,"minecraft:light_gray_carpet":4,"blue_skies:frostbright_planks":6,"minecraft:glass_pane":2,"minecraft:smoker":2,"minecraft:dandelion":5,"minecraft:chiseled_quartz_block":8,"minecraft:crafting_table":3,"minecraft:torch":3,"vampirism:totem_top_vampirism_hunter":1,"minecraft:poppy":1,"minecraft:lectern":1,"minecraft:tall_grass":3,"minecraft:cobblestone":5,"minecraft:blue_bed":4,"minecraft:wall_torch":15,"minecraft:cobblestone_wall":7,"blue_skies:frostbright_trapdoor":1,"minecraft:ice":1,"minecraft:gray_bed":1,"minecraft:spruce_log":46,"dtterralith:spruce_bush_leaves":1,"realmrpg_skeletons:acrobat_skeleton":1,"atlantis:aquamarine_ore":2,"minecraft:smooth_stone_slab":1,"minecraft:grass":31,"minecraft:coal_ore":12,"minecraft:sand":1,"minecraft:dirt":13,"minecraft:cobweb":2},"minecraft:killed_by":{"gothic:shadowbeast":1,"minecraft:player":1,"gothic:stone_guardian":1,"grimoireofgaia:minotaurus":1},"minecraft:picked_up":{"croptopia:toast":48,"minecraft:charcoal":2,"minecraft:crafting_table":3,"minecraft:wheat":7,"minecraft:azure_bluet":1,"minecraft:redstone_lamp":2,"croptopia:sweetpotato_seed":2,"blue_skies:frostbright_door":1,"domesticationinnovation:pet_bed_purple":1,"minecraft:string":9,"minecraft:iron_axe":1,"minecraft:smooth_stone_slab":2,"minecraft:armor_stand":1,"upgrade_aquatic:river_log":1,"minecraft:candle":5,"minecraft:spruce_planks":55,"minecraft:spruce_slab":1,"minecraft:poppy":2,"minecraft:iron_nugget":2,"minecraft:smooth_quartz":12,"minecraft:lectern":1,"blue_skies:frostbright_stairs":28,"minecraft:sugar_cane":4,"minecraft:furnace":1,"minecraft:stick":32,"minecraft:raw_iron":2,"grimoireofgaia:meat":2,"minecraft:torch":19,"tombstone:grave_dust":1,"vampirism:amulet":2,"minecraft:arrow":15,"minecraft:rotten_flesh":3,"supplementaries:ash":2,"blue_skies:frostbright_slab":4,"exoticbirds:raw_birdmeat":3,"minecraft:cobblestone":263,"minecraft:oxeye_daisy":1,"minecraft:cracked_deepslate_tiles":1,"minecraft:feather":2,"minecraft:andesite":10,"minecraft:leather":2,"minecraft:smoker":2,"blue_skies:frostbright_planks":6,"minecraft:chiseled_quartz_block":8,"minecraft:potato":1,"blue_skies:moonstone":1,"paraglider:spirit_orb":3,"gothic:river_plant":1,"minecraft:cobblestone_wall":8,"minecraft:dirt":29,"minecraft:blue_bed":3,"minecraft:lantern":1,"minecraft:bone":11,"minecraft:wheat_seeds":2,"guideapi_vp:vampirism-guidebook":1,"minecraft:stone_pickaxe":1,"minecraft:glowstone_dust":6,"minecraft:iron_sword":1,"minecraft:sweet_berries":1,"minecraft:chiseled_stone_bricks":1,"minecraft:dandelion":6,"blue_skies:frostbright_trapdoor":1,"grimoireofgaia:box_iron":1,"minecraft:spruce_log":62,"minecraft:barrel":1,"alexsmobs:animal_dictionary":3,"minecraft:light_gray_concrete":4,"gothic:meat":2,"waystones:waystone":2,"bossominium:the_bossdexium":1,"minecraft:golden_apple":1,"minecraft:light_gray_carpet":4,"minecraft:coal":12,"atlantis:aquamarine_gem":2},"minecraft:custom":{"minecraft:mob_kills":30,"minecraft:interact_with_crafting_table":27,"minecraft:open_barrel":4,"minecraft:interact_with_campfire":38,"minecraft:leave_game":6,"minecraft:time_since_death":43061,"minecraft:climb_one_cm":18964,"minecraft:damage_resisted":236,"minecraft:sprint_one_cm":397579,"minecraft:walk_one_cm":237554,"minecraft:drop":51,"minecraft:damage_dealt_absorbed":854,"minecraft:talked_to_villager":3,"minecraft:play_time":133533,"minecraft:sneak_time":1032,"minecraft:deaths":4,"minecraft:walk_under_water_one_cm":941,"minecraft:jump":2011,"minecraft:interact_with_blast_furnace":3,"minecraft:walk_on_water_one_cm":5014,"minecraft:total_world_time":133533,"minecraft:interact_with_furnace":2,"minecraft:traded_with_villager":1,"minecraft:tune_noteblock":36,"minecraft:interact_with_grindstone":1,"minecraft:sleep_in_bed":4,"minecraft:time_since_rest":30656,"minecraft:waystone_activated":3,"minecraft:damage_taken":3599,"minecraft:damage_dealt":7330,"minecraft:swim_one_cm":25000,"minecraft:fly_one_cm":535370,"minecraft:open_chest":40,"minecraft:crouch_one_cm":2195,"tombstone:undead_killed":13,"tombstone:villager_killed":1,"minecraft:interact_with_smoker":4,"minecraft:fall_one_cm":44397,"minecraft:inspect_dispenser":3},"minecraft:crafted":{"minecraft:iron_axe":1,"minecraft:cobblestone_wall":42,"minecraft:chest":17,"minecraft:stone_hoe":1,"blue_skies:blue_journal":1,"minecraft:crafting_table":2,"minecraft:spruce_planks":230,"upgrade_aquatic:river_planks":4,"justhammers:iron_hammer":1,"minecraft:stick":4,"minecraft:torch":16},"minecraft:killed":{"grimoireofgaia:centaur":2,"minecraft:skeleton":22,"blue_skies:gatekeeper":2,"minecraft:magma_cube":6,"gothic:scavenger":2,"gothic:scavenger_young":4,"minecraft:zombie":4,"grimoireofgaia:kobold":2},"minecraft:used":{"minecraft:armor_stand":1,"minecraft:light_gray_carpet":3,"minecraft:chest":17,"minecraft:spruce_planks":79,"minecraft:iron_sword":262,"gothic:meat":1,"minecraft:torch":21,"minecraft:dirt":17,"minecraft:cobblestone_wall":1,"minecraft:iron_axe":193,"gothic:river_plant":1,"minecraft:furnace":1,"tombstone:gift":2,"grimoireofgaia:meat":2,"minecraft:stone_pickaxe":79,"minecraft:blue_bed":3,"blue_skies:frostbright_stairs":13,"minecraft:crafting_table":5,"minecraft:chiseled_quartz_block":8,"minecraft:spruce_log":11,"justhammers:iron_hammer":72,"minecraft:smoker":2,"waystones:waystone":2,"minecraft:apple":4,"minecraft:bread":3,"minecraft:string":1,"gothic:innos_tears":1,"croptopia:toast":31,"minecraft:cobblestone":29,"minecraft:andesite":2,"alexsmobs:animal_dictionary":1}},"DataVersion":3120}