{"stats":{"minecraft:dropped":{"minecraft:enchanted_book":1,"minecraft:iron_sword":2,"minecraft:wheat_seeds":1,"minecraft:glass_bottle":1,"blue_skies:moonstone":1,"minecraft:feather":2,"minecraft:cobblestone":8,"minecraft:apple":1,"vampirism:amulet":1,"bossominium:the_bossdexium":1,"paraglider:spirit_orb":1,"minecraft:dirt":1,"minecraft:redstone_lamp":2,"minecraft:torch":4,"minecraft:cracked_deepslate_tiles":1,"tombstone:grave_dust":2,"minecraft:iron_axe":2,"hmag:evil_crystal_fragment":3,"minecraft:dandelion":1,"minecraft:sugar_cane":4,"croptopia:toast":12,"minecraft:cobblestone_wall":1,"alexsmobs:animal_dictionary":4,"atlantis:aquamarine_gem":2,"minecraft:glowstone_dust":6,"guideapi_vp:vampirism-guidebook":2,"minecraft:light_gray_concrete":4,"minecraft:azure_bluet":1,"evilcraft:flesh_humanoid":1,"minecraft:chiseled_stone_bricks":1,"minecraft:poppy":1,"minecraft:leather_chestplate":1,"supplementaries:ash":2,"minecraft:andesite":1,"minecraft:leather_leggings":1,"minecraft:spruce_slab":1},"minecraft:mined":{"minecraft:spruce_planks":56,"minecraft:white_bed":1,"minecraft:farmland":9,"upgrade_aquatic:river_log":1,"minecraft:candle":2,"blue_skies:moonstone":1,"minecraft:grass_block":100,"vampirism:weapon_table":1,"gothic:river_plant":1,"minecraft:oxeye_daisy":2,"minecraft:spawner":1,"minecraft:large_fern":2,"minecraft:hay_block":6,"blue_skies:frostbright_stairs":28,"minecraft:glowstone":1,"minecraft:furnace":1,"minecraft:barrel":1,"minecraft:andesite":14,"domesticationinnovation:pet_bed_purple":1,"minecraft:pumpkin":1,"minecraft:azure_bluet":1,"supplementaries:stick":11,"blue_skies:spider_webbing":3,"blue_skies:frostbright_slab":6,"minecraft:lantern":8,"minecraft:stone":9,"minecraft:white_wool":1,"supplementaries:wall_lantern":2,"minecraft:tripwire":1,"minecraft:light_gray_carpet":4,"blue_skies:frostbright_planks":6,"minecraft:glass_pane":2,"minecraft:smoker":2,"minecraft:dandelion":5,"minecraft:chiseled_quartz_block":8,"minecraft:crafting_table":3,"minecraft:torch":10,"vampirism:totem_top_vampirism_hunter":1,"minecraft:poppy":1,"minecraft:lectern":2,"supplementaries:wild_flax":6,"minecraft:tall_grass":7,"minecraft:cobblestone":10,"oaks_decor:sand_castle":1,"minecraft:blue_bed":4,"minecraft:wall_torch":23,"minecraft:cobblestone_wall":8,"blue_skies:frostbright_trapdoor":2,"minecraft:wheat":6,"minecraft:ice":4,"minecraft:spruce_log":46,"minecraft:gray_bed":1,"dtterralith:spruce_bush_leaves":10,"realmrpg_skeletons:acrobat_skeleton":1,"atlantis:aquamarine_ore":2,"minecraft:smooth_stone_slab":1,"minecraft:grass":38,"minecraft:coal_ore":13,"minecraft:sand":1,"minecraft:dirt":21,"minecraft:cobweb":38,"minecraft:spruce_fence_gate":2,"minecraft:fern":1},"minecraft:killed_by":{"gothic:shadowbeast":1,"minecraft:player":1,"gothic:stone_guardian":1,"minecraft:cave_spider":1,"grimoireofgaia:minotaurus":1},"minecraft:picked_up":{"croptopia:toast":71,"minecraft:charcoal":2,"minecraft:crafting_table":3,"minecraft:wheat":17,"minecraft:azure_bluet":2,"minecraft:redstone_lamp":2,"croptopia:sweetpotato_seed":2,"blue_skies:frostbright_door":2,"domesticationinnovation:pet_bed_purple":1,"minecraft:string":48,"minecraft:iron_axe":2,"minecraft:smooth_stone_slab":2,"minecraft:armor_stand":1,"upgrade_aquatic:river_log":1,"minecraft:candle":5,"minecraft:spruce_planks":55,"minecraft:poppy":2,"minecraft:iron_nugget":2,"minecraft:smooth_quartz":12,"minecraft:iron_pickaxe":1,"minecraft:spruce_slab":1,"minecraft:lectern":2,"blue_skies:frostbright_stairs":28,"minecraft:sugar_cane":4,"minecraft:furnace":1,"minecraft:stick":51,"minecraft:raw_iron":2,"grimoireofgaia:meat":2,"minecraft:torch":36,"sophisticatedbackpacks:backpack":1,"tombstone:grave_dust":1,"vampirism:amulet":2,"minecraft:redstone":64,"minecraft:arrow":15,"minecraft:rotten_flesh":4,"minecraft:hay_block":6,"butchercraft:beef_scraps":12,"supplementaries:ash":2,"minecraft:white_wool":1,"blue_skies:frostbright_slab":6,"exoticbirds:raw_birdmeat":7,"minecraft:cobblestone":268,"minecraft:oxeye_daisy":2,"minecraft:cracked_deepslate_tiles":1,"vampirism:weapon_table":1,"minecraft:feather":2,"minecraft:andesite":10,"minecraft:leather":2,"minecraft:smoker":2,"blue_skies:frostbright_planks":6,"minecraft:chiseled_quartz_block":8,"minecraft:potato":29,"blue_skies:moonstone":1,"paraglider:spirit_orb":3,"gothic:river_plant":1,"supplementaries:flax_seeds":5,"oaks_decor:sand_castles":1,"minecraft:cobblestone_wall":9,"minecraft:lantern":10,"minecraft:paper":9,"minecraft:dirt":121,"minecraft:blue_bed":3,"exoticbirds:cooked_birdmeat":2,"minecraft:bone":11,"minecraft:wheat_seeds":35,"guideapi_vp:vampirism-guidebook":1,"minecraft:stone_pickaxe":1,"minecraft:glowstone_dust":6,"minecraft:iron_sword":2,"minecraft:sweet_berries":1,"minecraft:chiseled_stone_bricks":1,"minecraft:dandelion":6,"gothic:cheese":1,"blue_skies:frostbright_trapdoor":2,"grimoireofgaia:box_iron":1,"minecraft:white_bed":2,"minecraft:spruce_log":62,"minecraft:spruce_door":1,"minecraft:spider_eye":3,"minecraft:barrel":1,"alexsmobs:animal_dictionary":3,"butchercraft:leather_scrap":5,"minecraft:light_gray_concrete":4,"minecraft:spruce_fence_gate":2,"gothic:meat":2,"waystones:waystone":2,"bossominium:the_bossdexium":1,"minecraft:golden_apple":1,"minecraft:emerald":5,"minecraft:light_gray_carpet":4,"minecraft:coal":13,"atlantis:aquamarine_gem":2},"minecraft:custom":{"minecraft:mob_kills":41,"minecraft:interact_with_crafting_table":33,"minecraft:open_barrel":9,"minecraft:interact_with_campfire":64,"minecraft:leave_game":9,"minecraft:time_since_death":3996,"minecraft:damage_resisted":236,"minecraft:climb_one_cm":18964,"minecraft:sprint_one_cm":642038,"minecraft:walk_one_cm":464619,"minecraft:drop":55,"minecraft:damage_dealt_absorbed":978,"minecraft:talked_to_villager":32,"minecraft:play_time":225838,"minecraft:sneak_time":1745,"minecraft:deaths":5,"minecraft:walk_under_water_one_cm":1195,"minecraft:jump":3338,"minecraft:interact_with_blast_furnace":4,"minecraft:walk_on_water_one_cm":7907,"minecraft:total_world_time":225838,"minecraft:interact_with_furnace":13,"minecraft:traded_with_villager":1,"minecraft:tune_noteblock":36,"minecraft:interact_with_grindstone":1,"minecraft:sleep_in_bed":8,"minecraft:time_since_rest":1947,"minecraft:waystone_activated":3,"minecraft:damage_taken":5056,"minecraft:damage_dealt":9116,"minecraft:swim_one_cm":25659,"minecraft:fly_one_cm":887213,"minecraft:open_chest":125,"minecraft:crouch_one_cm":3356,"tombstone:undead_killed":14,"tombstone:villager_killed":1,"minecraft:interact_with_smoker":20,"minecraft:fall_one_cm":72693,"minecraft:inspect_dispenser":3},"minecraft:killed":{"minecraft:cave_spider":10,"minecraft:spider":2,"alexsmobs:snow_leopard":4,"grimoireofgaia:centaur":2,"minecraft:skeleton":22,"blue_skies:gatekeeper":2,"minecraft:magma_cube":6,"minecraft:bat":2,"gothic:scavenger":2,"gothic:scavenger_young":4,"minecraft:zombie":6,"grimoireofgaia:kobold":2},"minecraft:crafted":{"minecraft:stone_shovel":1,"minecraft:bone_meal":18,"minecraft:iron_axe":1,"minecraft:cobblestone_wall":42,"minecraft:chest":17,"minecraft:stone_hoe":1,"minecraft:wheat":54,"blue_skies:blue_journal":1,"minecraft:crafting_table":2,"minecraft:spruce_planks":230,"minecraft:baked_potato":22,"upgrade_aquatic:river_planks":4,"minecraft:bucket":1,"minecraft:bread":22,"minecraft:air":0,"justhammers:iron_hammer":1,"minecraft:stick":4,"minecraft:iron_ingot":2,"minecraft:spruce_fence_gate":1,"minecraft:torch":16},"minecraft:used":{"minecraft:armor_stand":1,"minecraft:stone_shovel":99,"minecraft:light_gray_carpet":3,"minecraft:chest":17,"minecraft:spruce_planks":79,"minecraft:iron_sword":354,"gothic:meat":1,"minecraft:stone_hoe":66,"minecraft:stick":21,"minecraft:torch":47,"minecraft:dirt":91,"simplyhotsprings:hot_spring_water_bucket":2,"minecraft:cobblestone_wall":39,"minecraft:lantern":3,"minecraft:iron_axe":220,"gothic:river_plant":1,"minecraft:furnace":1,"tombstone:gift":2,"grimoireofgaia:meat":2,"minecraft:potato":21,"minecraft:wheat_seeds":16,"minecraft:water_bucket":23,"minecraft:baked_potato":15,"minecraft:stone_pickaxe":93,"minecraft:spruce_fence_gate":3,"minecraft:blue_bed":3,"blue_skies:frostbright_stairs":13,"minecraft:crafting_table":5,"minecraft:white_bed":1,"minecraft:chiseled_quartz_block":8,"minecraft:spruce_log":11,"justhammers:iron_hammer":72,"minecraft:smoker":2,"waystones:waystone":2,"minecraft:apple":4,"minecraft:bread":3,"minecraft:string":1,"minecraft:iron_pickaxe":3,"minecraft:lectern":1,"gothic:innos_tears":1,"supplementaries:flax_seeds":2,"croptopia:toast":39,"exoticbirds:cooked_birdmeat":2,"minecraft:cobblestone":30,"minecraft:andesite":2,"minecraft:bucket":25,"alexsmobs:animal_dictionary":1,"minecraft:bone_meal":18}},"DataVersion":3120}