{"stats":{"minecraft:mined":{"upgrade_aquatic:river_log":1,"minecraft:candle":2,"blue_skies:moonstone":1,"vampirism:totem_top_vampirism_hunter":1,"minecraft:chiseled_quartz_block":8,"minecraft:crafting_table":3,"minecraft:torch":2,"minecraft:grass_block":14,"minecraft:cobblestone":1,"minecraft:tall_grass":1,"gothic:river_plant":1,"minecraft:blue_bed":1,"minecraft:wall_torch":11,"minecraft:spawner":1,"minecraft:glowstone":1,"domesticationinnovation:pet_bed_purple":1,"minecraft:pumpkin":1,"minecraft:andesite":1,"dtterralith:spruce_bush_leaves":1,"realmrpg_skeletons:acrobat_skeleton":1,"minecraft:grass":22,"blue_skies:spider_webbing":3,"minecraft:coal_ore":9,"minecraft:lantern":1,"minecraft:sand":1,"minecraft:dirt":3,"minecraft:cobweb":2,"minecraft:tripwire":1},"minecraft:killed_by":{"gothic:shadowbeast":1,"minecraft:player":1,"gothic:stone_guardian":1},"minecraft:crafted":{"blue_skies:blue_journal":1,"minecraft:crafting_table":1,"minecraft:spruce_planks":12,"upgrade_aquatic:river_planks":4,"justhammers:iron_hammer":1,"minecraft:iron_axe":1,"minecraft:stick":4},"minecraft:dropped":{"minecraft:iron_sword":2,"minecraft:sugar_cane":4,"minecraft:wheat_seeds":1,"croptopia:toast":11,"alexsmobs:animal_dictionary":4,"minecraft:glass_bottle":1,"blue_skies:moonstone":1,"minecraft:cobblestone":3,"minecraft:apple":1,"minecraft:glowstone_dust":6,"guideapi_vp:vampirism-guidebook":2,"minecraft:light_gray_concrete":4,"vampirism:amulet":1,"evilcraft:flesh_humanoid":1,"bossominium:the_bossdexium":1,"minecraft:chiseled_stone_bricks":1,"minecraft:leather_chestplate":1,"minecraft:redstone_lamp":2,"supplementaries:ash":2,"minecraft:torch":1,"minecraft:cracked_deepslate_tiles":1,"tombstone:grave_dust":1,"minecraft:leather_leggings":1,"minecraft:spruce_slab":1,"minecraft:iron_axe":1},"minecraft:used":{"minecraft:armor_stand":1,"minecraft:stone_pickaxe":23,"minecraft:iron_sword":230,"minecraft:torch":12,"minecraft:dirt":15,"minecraft:crafting_table":3,"minecraft:chiseled_quartz_block":8,"justhammers:iron_hammer":10,"minecraft:apple":4,"minecraft:iron_axe":5,"minecraft:bread":3,"minecraft:string":1,"gothic:innos_tears":1,"gothic:river_plant":1,"croptopia:toast":21,"tombstone:gift":2,"alexsmobs:animal_dictionary":1},"minecraft:killed":{"minecraft:magma_cube":6,"grimoireofgaia:centaur":2,"minecraft:skeleton":22,"minecraft:zombie":4,"blue_skies:gatekeeper":2},"minecraft:picked_up":{"minecraft:cracked_deepslate_tiles":1,"minecraft:crafting_table":3,"minecraft:andesite":1,"minecraft:redstone_lamp":2,"minecraft:leather":2,"minecraft:chiseled_quartz_block":8,"minecraft:potato":1,"blue_skies:moonstone":1,"paraglider:spirit_orb":2,"gothic:river_plant":1,"domesticationinnovation:pet_bed_purple":1,"minecraft:blue_bed":1,"minecraft:dirt":16,"minecraft:string":9,"minecraft:lantern":1,"minecraft:iron_axe":1,"minecraft:armor_stand":1,"minecraft:bone":11,"minecraft:wheat_seeds":2,"upgrade_aquatic:river_log":1,"minecraft:candle":5,"guideapi_vp:vampirism-guidebook":1,"minecraft:stone_pickaxe":1,"minecraft:smooth_quartz":12,"minecraft:iron_nugget":2,"minecraft:spruce_slab":1,"minecraft:glowstone_dust":6,"minecraft:sugar_cane":4,"minecraft:iron_sword":1,"minecraft:stick":1,"grimoireofgaia:meat":2,"minecraft:chiseled_stone_bricks":1,"minecraft:torch":14,"tombstone:grave_dust":1,"grimoireofgaia:box_iron":1,"vampirism:amulet":2,"alexsmobs:animal_dictionary":3,"minecraft:light_gray_concrete":4,"minecraft:arrow":15,"minecraft:rotten_flesh":3,"waystones:waystone":1,"bossominium:the_bossdexium":1,"minecraft:golden_apple":1,"supplementaries:ash":2,"minecraft:coal":9,"minecraft:cobblestone":3,"croptopia:toast":40},"minecraft:custom":{"minecraft:interact_with_furnace":2,"minecraft:mob_kills":24,"minecraft:traded_with_villager":1,"minecraft:interact_with_crafting_table":23,"minecraft:tune_noteblock":36,"minecraft:open_barrel":3,"minecraft:interact_with_campfire":30,"minecraft:interact_with_grindstone":1,"minecraft:damage_resisted":236,"minecraft:leave_game":5,"minecraft:time_since_death":44535,"minecraft:sleep_in_bed":3,"minecraft:climb_one_cm":16621,"minecraft:time_since_rest":12381,"minecraft:waystone_activated":1,"minecraft:damage_taken":2501,"minecraft:sprint_one_cm":269966,"minecraft:walk_one_cm":134111,"minecraft:drop":36,"minecraft:damage_dealt":6007,"minecraft:damage_dealt_absorbed":854,"minecraft:swim_one_cm":7262,"minecraft:talked_to_villager":3,"minecraft:fly_one_cm":361243,"minecraft:open_chest":24,"minecraft:crouch_one_cm":1482,"minecraft:play_time":82721,"tombstone:undead_killed":13,"minecraft:deaths":3,"minecraft:sneak_time":696,"minecraft:walk_under_water_one_cm":442,"tombstone:villager_killed":1,"minecraft:jump":1316,"minecraft:interact_with_blast_furnace":3,"minecraft:walk_on_water_one_cm":3270,"minecraft:interact_with_smoker":4,"minecraft:total_world_time":82721,"minecraft:fall_one_cm":29191,"minecraft:inspect_dispenser":3}},"DataVersion":3120}