{"stats":{"minecraft:crafted":{"minecraft:crafting_table":1,"minecraft:stick":8,"minecraft:wooden_pickaxe":1,"minecraft:birch_boat":1,"minecraft:stone_pickaxe":1,"minecraft:stone_sword":1,"minecraft:birch_planks":28,"minecraft:stone_axe":1},"minecraft:picked_up":{"minecraft:birch_log":9,"minecraft:stick":1,"minecraft:torch":2,"minecraft:gravel":1,"minecraft:birch_planks":12,"minecraft:sand":1,"minecraft:stone_sword":1,"minecraft:stone_axe":1,"minecraft:stone_pickaxe":1,"minecraft:cobblestone":28,"minecraft:oxeye_daisy":1},"minecraft:dropped":{"minecraft:sand":1,"minecraft:wooden_pickaxe":1,"minecraft:fishing_rod":1},"minecraft:mined":{"minecraft:birch_log":10,"minecraft:birch_leaves":2,"minecraft:torch":2,"minecraft:grass":3,"minecraft:gravel":1,"minecraft:sand":1,"minecraft:dirt":2,"minecraft:tall_grass":5,"minecraft:stone":18,"minecraft:oxeye_daisy":1},"minecraft:killed":{"minecraft:player":1},"minecraft:used":{"minecraft:stone_sword":6,"minecraft:oxeye_daisy":1,"minecraft:birch_boat":1,"minecraft:wooden_pickaxe":18,"minecraft:gravel":1,"minecraft:torch":1,"minecraft:fishing_rod":26,"minecraft:crafting_table":1},"minecraft:killed_by":{"creeperoverhaul:ocean_creeper":1,"minecraft:player":2},"minecraft:custom":{"minecraft:time_since_rest":1111,"minecraft:sprint_one_cm":63637,"minecraft:damage_taken":1233,"minecraft:walk_one_cm":46320,"minecraft:drop":3,"minecraft:damage_dealt":418,"minecraft:interact_with_crafting_table":4,"minecraft:swim_one_cm":58634,"minecraft:fly_one_cm":88354,"minecraft:player_kills":1,"minecraft:open_barrel":10,"minecraft:open_chest":4,"minecraft:crouch_one_cm":1352,"minecraft:play_time":31566,"minecraft:deaths":5,"minecraft:sneak_time":912,"minecraft:walk_under_water_one_cm":30756,"minecraft:boat_one_cm":44150,"minecraft:jump":615,"minecraft:walk_on_water_one_cm":34770,"minecraft:leave_game":2,"minecraft:time_since_death":984,"minecraft:climb_one_cm":320,"minecraft:total_world_time":31566,"minecraft:fall_one_cm":21633}},"DataVersion":3465}