{"stats":{"minecraft:picked_up":{"minecraft:iron_chestplate":1,"minecraft:diamond_sword":10,"minecraft:stone_slab":15,"minecraft:oak_stairs":1,"minecraft:brewing_stand":1,"domesticationinnovation:pet_bed_purple":2,"minecraft:dark_oak_pressure_plate":1,"minecraft:string":149,"vampirism:obi_belt":1,"upgrade_aquatic:river_log":1,"minecraft:gold_nugget":11,"minecraft:cobbled_deepslate":460,"minecraft:spruce_planks":287,"minecraft:coal_block":6,"vampirism:amulet":2,"croptopia:coffee_seed":3,"evilcraft:box_of_eternal_closure":1,"minecraft:stone_sword":1,"minecraft:cyan_terracotta":3,"supplementaries:ash":19,"minecraft:birch_log":38,"vampirism:weapon_table":2,"minecraft:magma_block":7,"minecraft:mossy_cobblestone_slab":14,"minecraft:feather":11,"minecraft:smoker":3,"minecraft:flint":1,"cataclysm:stone_tile_slab":20,"minecraft:lantern":25,"minecraft:glowstone_dust":7,"dtterralith:birch_pine_seed":8,"hexerei:animal_fat":1,"gothic:meat_cooked":5,"minecraft:stripped_spruce_log":4,"alexsmobs:animal_dictionary":3,"minecraft:barrel":1,"croptopia:spinach_seed":2,"minecraft:bundle":1,"minecraft:polished_andesite":9,"bossominium:the_bossdexium":1,"gothic:scavenger_egg":3,"minecraft:light_gray_carpet":4,"grimoireofgaia:fur":1,"atlantis:aquamarine_gem":35,"croptopia:toast":72,"minecraft:spruce_leaves":3,"minecraft:crafting_table":6,"minecraft:coarse_dirt":513,"minecraft:clay_ball":4,"minecraft:redstone_lamp":2,"minecraft:iron_shovel":1,"minecraft:iron_nugget":13,"minecraft:poppy":11,"minecraft:spruce_slab":16,"blue_skies:frostbright_stairs":28,"minecraft:chest":6,"minecraft:stone":61,"sophisticatedbackpacks:backpack":1,"minecraft:carrot":11,"minecraft:redstone":71,"butchercraft:chicken_scraps":1,"minecraft:stone_shovel":1,"minecraft:beetroot_seeds":5,"minecraft:shears":1,"minecraft:hay_block":6,"grimoireofgaia:cursed_metal_sword":2,"tombstone:essence_of_undeath":2,"minecraft:gold_ingot":25,"butchercraft:beef_scraps":15,"minecraft:glow_berries":3,"exoticbirds:raw_birdmeat":11,"minecraft:white_wool":4,"minecraft:oxeye_daisy":2,"vampirism:vampire_blood_bottle":1,"vampirism:item_tent":1,"croptopia:glowing_calamari":6,"minecraft:filled_map":1,"grimoireofgaia:bone_shield":2,"minecraft:oak_log":14,"gothic:magic_ore_nugget":2,"oaks_decor:sand_castles":1,"tombstone:gift":1,"minecraft:paper":9,"minecraft:blue_bed":4,"dtterralith:black_poplar_seed":25,"exoticbirds:cooked_birdmeat":2,"minecraft:stone_bricks":571,"alexsmobs:cockroach_wing_fragment":1,"guideapi_vp:vampirism-guidebook":1,"minecraft:stone_pickaxe":1,"minecraft:cobweb":2,"tombstone:bag_of_seeds":4,"minecraft:glass_bottle":1,"croptopia:elderberry_seed":2,"minecraft:iron_sword":5,"minecraft:polished_andesite_stairs":4,"myceliummire:mycliated_dirt":2,"minecraft:sweet_berries":6,"vampirism:fire_place":2,"minecraft:gravel":8,"minecraft:spruce_log":557,"grimoireofgaia:box_iron":1,"butchercraft:leather_scrap":7,"minecraft:stone_axe":2,"butchercraft:lamb_scraps":6,"minecraft:diamond_axe":1,"minecraft:baked_potato":120,"minecraft:wheat":26,"minecraft:potion":2,"butchercraft:pork_scraps":3,"minecraft:stone_brick_stairs":17,"minecraft:lapis_block":1,"croptopia:artichoke_seed":2,"minecraft:raw_copper":43,"alexsmobs:ancient_dart":1,"minecraft:smooth_stone_slab":5,"minecraft:iron_leggings":3,"minecraft:armor_stand":1,"minecraft:zombie_head":1,"minecraft:smooth_stone":2,"minecraft:bucket":2,"minecraft:smooth_quartz":12,"minecraft:cobblestone_slab":2,"minecraft:calcite":24,"dynamictrees:oak_seed":4,"minecraft:iron_pickaxe":6,"minecraft:iron_boots":1,"minecraft:furnace":1,"minecraft:stick":445,"minecraft:torch":294,"minecraft:spruce_stairs":1,"vampirism:holy_water_bottle_enhanced":1,"tombstone:grave_dust":31,"vampirism:vampire_fang":1,"minecraft:rotten_flesh":119,"supplementaries:antique_ink":1,"hexerei:herb_drying_rack":1,"blue_skies:frostbright_slab":6,"minecraft:cobblestone":4502,"paraglider:paraglider":1,"minecraft:andesite":236,"minecraft:mud_brick_stairs":2,"minecraft:chiseled_quartz_block":8,"minecraft:potato":771,"paraglider:spirit_orb":67,"minecraft:tuff":1,"create:raw_zinc":5,"evilcraft:flesh_humanoid":3,"supplementaries:flax_seeds":13,"minecraft:dirt":802,"minecraft:lapis_lazuli":19,"hmag:evil_crystal_fragment":2,"minecraft:bone":63,"minecraft:bow":4,"minecraft:wheat_seeds":185,"minecraft:raw_gold":5,"minecraft:bamboo":1,"minecraft:stone_hoe":1,"hmag:soul_powder":1,"minecraft:poisonous_potato":13,"justhammers:iron_hammer":2,"hexerei:sage":66,"minecraft:dead_bush":1,"hmag:kobold_leather":1,"minecraft:mossy_cobblestone":121,"minecraft:light_gray_concrete":4,"minecraft:spruce_fence_gate":2,"minecraft:spruce_boat":1,"minecraft:soul_lantern":3,"waystones:waystone":2,"minecraft:golden_apple":1,"minecraft:spruce_sign":6,"minecraft:emerald":16,"croptopia:zucchini_seed":2,"minecraft:charcoal":2,"grimoireofgaia:soulfire":1,"minecraft:azure_bluet":3,"minecraft:splash_potion":4,"dynamictrees:spruce_seed":32,"croptopia:sweetpotato_seed":4,"minecraft:brown_mushroom":4,"minecraft:gold_block":3,"blue_skies:frostbright_door":2,"minecraft:shield":1,"gothic:waterpipe":2,"minecraft:iron_axe":2,"minecraft:blackstone":1,"minecraft:candle":6,"minecraft:light_gray_wool":2,"minecraft:lectern":2,"minecraft:sugar_cane":4,"minecraft:spruce_trapdoor":14,"minecraft:raw_iron":95,"grimoireofgaia:meat":6,"butchercraft:white_bunny_ears":1,"croptopia:yam_seed":2,"hexerei:sage_seed":269,"minecraft:purple_candle":2,"minecraft:arrow":66,"minecraft:pumpkin_pie":1,"minecraft:skeleton_skull":9,"minecraft:cracked_deepslate_tiles":1,"minecraft:glow_ink_sac":7,"minecraft:leather":13,"blue_skies:frostbright_planks":6,"blue_skies:moonstone":2,"gothic:river_plant":1,"minecraft:gunpowder":3,"minecraft:cobblestone_wall":32,"minecraft:cobblestone_stairs":3,"naturalist:glow_goop":1,"vampirism:human_heart":2,"minecraft:iron_ingot":11,"minecraft:soul_sand":3,"hexerei:mixing_cauldron":1,"minecraft:black_candle":5,"minecraft:chiseled_stone_bricks":1,"minecraft:stone_brick_slab":382,"minecraft:dandelion":6,"blue_skies:frostbright_trapdoor":2,"gothic:cheese":2,"minecraft:lava_bucket":3,"minecraft:white_bed":6,"minecraft:spruce_door":1,"minecraft:spider_eye":10,"gothic:meat":5,"hexerei:sage_burning_plate":2,"minecraft:light_gray_candle":2,"evilcraft:dark_gem":17,"gothic:meadow_knotweed":1,"minecraft:mossy_cobblestone_stairs":2,"tombstone:magic_scroll":2,"minecraft:coal":180},"minecraft:killed":{"vampirism:vampire":8,"minecraft:cave_spider":10,"vampirism:advanced_vampire":2,"minecraft:skeleton":86,"grimoireofgaia:flesh_lich":6,"minecraft:magma_cube":6,"naturalist:firefly":2,"alexsmobs:seal":2,"minecraft:zombie":188,"gothic:snapper":4,"minecraft:glow_squid":2,"minecraft:cow":4,"hmag:zombie_girl":30,"grimoireofgaia:dwarf":2,"naturalist:bear":2,"hmag:kobold":2,"gothic:scavenger_young":4,"minecraft:spider":16,"alexsmobs:snow_leopard":4,"grimoireofgaia:minotaurus":2,"minecraft:silverfish":6,"minecraft:illusioner":4,"gothic:cave_molerat":2,"minecraft:pig":2,"grimoireofgaia:bone_knight":10,"gothic:lurker":2,"minecraft:creeper":2,"vampirism:hunter":2,"minecraft:sheep":6,"gothic:scavenger":2,"grimoireofgaia:harpy":6,"gothic:bloodfly":2,"minecraft:giant":2,"grimoireofgaia:centaur":4,"blue_skies:gatekeeper":2,"minecraft:drowned":2,"grimoireofgaia:dullahan":2,"hmag:ghost":2,"minecraft:bat":2,"alexsmobs:cockroach":2,"grimoireofgaia:arachne":2,"grimoireofgaia:werecat":4,"grimoireofgaia:kobold":6,"minecraft:player":5},"minecraft:used":{"minecraft:spruce_slab":15,"minecraft:poppy":3,"minecraft:chest":19,"minecraft:stripped_spruce_log":2,"minecraft:spruce_boat":1,"gothic:river_plant":1,"minecraft:stone_brick_stairs":26,"minecraft:bow":75,"minecraft:sweet_berries":21,"minecraft:furnace":2,"minecraft:potato":103,"minecraft:golden_apple":2,"gothic:lamb_sausage":6,"gothic:meat_cooked":3,"minecraft:blast_furnace":2,"gothic:cheese":1,"minecraft:chiseled_quartz_block":8,"minecraft:lectern":1,"minecraft:soul_lantern":2,"supplementaries:flax_seeds":2,"hexerei:mixing_cauldron":2,"exoticbirds:cooked_birdmeat":6,"minecraft:diamond_sword":1023,"minecraft:armor_stand":1,"minecraft:light_gray_carpet":3,"gothic:meat":1,"minecraft:stick":21,"minecraft:torch":307,"farmersdelight:beef_patty":3,"minecraft:iron_axe":220,"tombstone:gift":5,"hexerei:herb_drying_rack":3,"minecraft:wheat_seeds":16,"vampirism:fire_place":2,"minecraft:water_bucket":140,"gothic:meadow_knotweed":1,"minecraft:spruce_fence_gate":3,"minecraft:mossy_cobblestone":1,"minecraft:crafting_table":7,"minecraft:white_bed":5,"minecraft:spruce_log":70,"justhammers:iron_hammer":1248,"minecraft:oak_log":13,"minecraft:iron_pickaxe":808,"tombstone:magic_scroll":2,"minecraft:cobblestone":451,"minecraft:potion":1,"minecraft:black_candle":4,"grimoireofgaia:bone_shield":1,"minecraft:iron_shovel":1037,"minecraft:shield":6,"minecraft:iron_sword":472,"grimoireofgaia:soulfire":32,"gothic:waterpipe":2,"minecraft:cyan_terracotta":1,"minecraft:lantern":17,"minecraft:mossy_cobblestone_slab":15,"minecraft:stone_bricks":1569,"minecraft:magma_block":1,"minecraft:skeleton_skull":7,"grimoireofgaia:meat":2,"cataclysm:stone_tile_slab":103,"vampirism:weapon_table":2,"minecraft:stone_pickaxe":93,"butchercraft:cooked_beef_scraps":3,"minecraft:blue_bed":4,"minecraft:diamond_axe":573,"minecraft:white_wool":2,"gothic:scavenger_egg":3,"hmag:randomberry":5,"minecraft:shears":4,"waystones:waystone":2,"minecraft:bread":5,"minecraft:string":1,"minecraft:gravel":5,"domesticationinnovation:pet_bed_purple":2,"croptopia:toast":58,"myceliummire:mycliated_dirt":1,"minecraft:andesite":6,"minecraft:coarse_dirt":495,"minecraft:bone_meal":96,"minecraft:experience_bottle":1,"minecraft:flint_and_steel":29,"minecraft:stone_shovel":101,"minecraft:spruce_planks":1011,"minecraft:stone_hoe":66,"minecraft:dirt":836,"simplyhotsprings:hot_spring_water_bucket":2,"minecraft:cobblestone_wall":306,"minecraft:iron_hoe":248,"minecraft:stone_brick_slab":598,"evilcraft:box_of_eternal_closure":1,"evilcraft:flesh_humanoid":3,"minecraft:dark_oak_pressure_plate":1,"minecraft:baked_potato":297,"minecraft:stonecutter":1,"blue_skies:frostbright_stairs":13,"minecraft:smoker":4,"tombstone:bag_of_seeds":4,"minecraft:apple":4,"hexerei:sage_seed":37,"hexerei:sage_burning_plate":2,"minecraft:stone_slab":6,"gothic:innos_tears":1,"minecraft:stone_axe":1,"naturalist:glow_goop":1,"minecraft:bucket":154,"minecraft:pumpkin_pie":1,"alexsmobs:animal_dictionary":1,"minecraft:splash_potion":1},"minecraft:custom":{"minecraft:interact_with_crafting_table":109,"minecraft:open_barrel":42,"minecraft:bell_ring":1,"minecraft:leave_game":29,"minecraft:time_since_death":69095,"minecraft:damage_blocked_by_shield":263,"minecraft:play_time":1091395,"minecraft:deaths":37,"minecraft:jump":15389,"minecraft:interact_with_furnace":335,"minecraft:traded_with_villager":2,"minecraft:sleep_in_bed":52,"minecraft:waystone_activated":8,"minecraft:damage_dealt":58915,"tombstone:undead_killed":162,"minecraft:interact_with_smoker":57,"minecraft:inspect_dispenser":3,"minecraft:interact_with_anvil":2,"minecraft:damage_dealt_absorbed":10528,"minecraft:sneak_time":26979,"minecraft:interact_with_blast_furnace":36,"minecraft:total_world_time":1091395,"tombstone:raider_killed":2,"minecraft:tune_noteblock":36,"minecraft:interact_with_stonecutter":33,"minecraft:time_since_rest":9237,"tombstone:cast_on_ally":0,"minecraft:swim_one_cm":185569,"minecraft:fly_one_cm":3414230,"minecraft:open_chest":559,"minecraft:fall_one_cm":313646,"minecraft:animals_bred":1,"minecraft:damage_resisted":1480,"minecraft:sprint_one_cm":3371453,"minecraft:drop":283,"minecraft:talked_to_villager":111,"minecraft:walk_on_water_one_cm":103071,"minecraft:player_kills":8,"minecraft:crouch_one_cm":86093,"tombstone:villager_killed":1,"minecraft:mob_kills":309,"minecraft:interact_with_campfire":64,"minecraft:climb_one_cm":23450,"minecraft:walk_one_cm":2280457,"minecraft:walk_under_water_one_cm":60188,"minecraft:boat_one_cm":242636,"minecraft:interact_with_grindstone":1,"minecraft:damage_taken":29105,"minecraft:damage_absorbed":80,"minecraft:minecart_one_cm":622},"minecraft:crafted":{"croptopia:toast":12,"paraglider:deku_leaf":2,"blue_skies:blue_journal":2,"minecraft:copper_ingot":24,"farmersdelight:beef_patty":8,"minecraft:stone_brick_stairs":3,"minecraft:stone_slab":8,"minecraft:iron_pickaxe":3,"minecraft:gold_ingot":1,"minecraft:spruce_fence_gate":1,"minecraft:stone_shovel":1,"mca:bouquet":1,"minecraft:bone_meal":96,"guideapi_vp:vampirism-guidebook":1,"minecraft:spruce_slab":60,"minecraft:wheat":54,"gothic:meat_cooked":3,"upgrade_aquatic:river_planks":4,"hexerei:herb_drying_rack":2,"minecraft:iron_shovel":1,"exoticbirds:cooked_birdmeat":4,"hexerei:mixing_cauldron":1,"minecraft:stone":1098,"minecraft:bow":1,"cataclysm:stone_tile_slab":4,"minecraft:iron_boots":1,"minecraft:mossy_cobblestone_slab":14,"minecraft:chest":17,"minecraft:stone_hoe":1,"minecraft:stone_bricks":1036,"minecraft:cauldron":1,"minecraft:crafting_table":3,"minecraft:spruce_planks":1010,"minecraft:baked_potato":349,"minecraft:iron_helmet":1,"butchercraft:cooked_beef_scraps":3,"minecraft:iron_chestplate":2,"minecraft:stick":4,"minecraft:iron_ingot":98,"minecraft:stone_button":4,"minecraft:flint_and_steel":1,"minecraft:iron_axe":1,"minecraft:cobblestone_wall":42,"sophisticatedbackpacks:iron_backpack":1,"paraglider:paraglider":3,"hexerei:sage_bundle":6,"minecraft:bucket":1,"minecraft:bread":22,"minecraft:air":0,"justhammers:iron_hammer":9,"minecraft:stonecutter":1,"minecraft:torch":44},"minecraft:mined":{"minecraft:white_bed":6,"dtterralith:spruce_short_conifer_leaves":2,"blue_skies:moonstone":2,"vampirism:weapon_table":2,"minecraft:coal_block":6,"minecraft:oxeye_daisy":2,"minecraft:spawner":12,"minecraft:magma_block":8,"minecraft:mossy_cobblestone_stairs":2,"minecraft:fire":67,"minecraft:barrel":1,"myceliummire:cagefiungus":1,"domesticationinnovation:pet_bed_purple":2,"minecraft:pumpkin":1,"blue_skies:spider_webbing":3,"minecraft:dirt_path":25,"minecraft:oak_stairs":1,"minecraft:tripwire":1,"minecraft:brown_mushroom":1,"minecraft:smoker":3,"minecraft:torch":77,"minecraft:mud_brick_stairs":2,"minecraft:bricks":1,"minecraft:skeleton_skull":3,"minecraft:wheat":6,"atlantis:aquamarine_ore":2,"minecraft:stone_brick_stairs":20,"minecraft:grass":77,"dtterralith:dark_oak_red_conifer_leaves":1,"minecraft:deepslate":10,"create:zinc_ore":1,"minecraft:mossy_cobblestone":7,"minecraft:purple_candle":1,"minecraft:moss_block":1,"blue_skies:frostbright_stairs":28,"minecraft:andesite":29,"dynamictrees:spruce_leaves":5,"gothic:scavenger_hanging":3,"minecraft:potatoes":44,"minecraft:cobblestone_slab":1,"blue_skies:frostbright_slab":6,"hexerei:mixing_cauldron":1,"minecraft:white_wool":3,"supplementaries:wall_lantern":4,"minecraft:light_gray_carpet":4,"minecraft:glass_pane":2,"minecraft:soul_sand":4,"minecraft:stone_brick_slab":120,"minecraft:dandelion":5,"vampirism:totem_top_vampirism_hunter":1,"minecraft:tall_grass":32,"oaks_decor:sand_castle":1,"minecraft:deepslate_gold_ore":1,"minecraft:purple_bed":1,"minecraft:coarse_dirt":498,"minecraft:cobblestone_wall":20,"blue_skies:frostbright_trapdoor":2,"minecraft:spruce_log":273,"minecraft:mycelium":1,"vampirism:fire_place":2,"minecraft:gravel":12,"minecraft:cobweb":65,"minecraft:spruce_fence_gate":2,"minecraft:stone_bricks":146,"minecraft:gold_ore":4,"minecraft:fern":9,"minecraft:spruce_planks":116,"minecraft:farmland":10,"minecraft:cobblestone_stairs":2,"myceliummire:mycliated_dirt":4,"minecraft:brewing_stand":1,"minecraft:spruce_trapdoor":16,"minecraft:grass_block":680,"gothic:river_plant":1,"minecraft:mud_bricks":2,"minecraft:mossy_cobblestone_slab":15,"minecraft:glowstone":1,"minecraft:iron_ore":59,"vampirism:tent":1,"minecraft:azure_bluet":1,"minecraft:skeleton_wall_skull":2,"supplementaries:stick":11,"minecraft:black_candle":3,"minecraft:azalea":1,"minecraft:spruce_slab":15,"hexerei:herb_drying_rack":1,"minecraft:cyan_terracotta":1,"minecraft:blackstone":1,"minecraft:soul_lantern":2,"minecraft:chiseled_quartz_block":8,"minecraft:calcite":5,"minecraft:poppy":5,"minecraft:chest":7,"supplementaries:wild_flax":7,"minecraft:mushroom_stem":7,"minecraft:cobblestone":104,"cataclysm:stone_tile_slab":20,"minecraft:wall_torch":64,"minecraft:light_gray_candle":1,"evilcraft:dark_ore_deepslate":1,"dtterralith:spruce_bush_leaves":10,"realmrpg_skeletons:acrobat_skeleton":1,"minecraft:smooth_stone_slab":4,"minecraft:oak_log":1,"minecraft:sand":1,"minecraft:dirt":124,"structure_gel:dynamic_spawner":2,"oaks_decor:pebbles_2":1,"minecraft:tuff":1,"upgrade_aquatic:river_log":1,"minecraft:candle":3,"gothic:waterpipe":2,"minecraft:dark_oak_pressure_plate":1,"minecraft:brown_mushroom_block":1,"minecraft:large_fern":12,"minecraft:hay_block":6,"minecraft:furnace":1,"minecraft:stripped_spruce_log":3,"minecraft:gold_block":3,"minecraft:deepslate_iron_ore":18,"minecraft:lantern":22,"minecraft:stone":57,"blue_skies:frostbright_planks":6,"minecraft:crafting_table":5,"minecraft:lectern":2,"minecraft:stone_slab":8,"gothic:scavenger_eggs":1,"minecraft:deepslate_coal_ore":3,"minecraft:blue_bed":5,"supplementaries:urn":8,"minecraft:spruce_stairs":2,"gothic:meadow_knotweed_wild":1,"minecraft:sweet_berry_bush":3,"minecraft:ice":4,"minecraft:gray_bed":1,"minecraft:coal_ore":83,"hexerei:sage_crop":6},"minecraft:killed_by":{"gothic:shadowbeast":1,"upgrade_aquatic:thrasher":2,"hmag:zombie_girl":2,"grimoireofgaia:arachne":1,"grimoireofgaia:minotaurus":1,"minecraft:zombie":2,"grimoireofgaia:dwarf":1,"minecraft:vex":1,"gothic:stone_guardian":1,"grimoireofgaia:flesh_lich":4,"minecraft:giant":3,"grimoireofgaia:creep":1,"grimoireofgaia:bone_knight":1,"minecraft:cave_spider":1,"minecraft:player":7,"minecraft:skeleton":8},"minecraft:dropped":{"minecraft:iron_sword":5,"minecraft:glass_bottle":3,"minecraft:crafting_table":1,"minecraft:glow_berries":3,"minecraft:emerald":13,"minecraft:dirt":52,"minecraft:stone_button":2,"minecraft:cracked_deepslate_tiles":1,"minecraft:gold_nugget":2,"minecraft:iron_pickaxe":5,"minecraft:white_wool":4,"hexerei:sage":4,"minecraft:bone":4,"minecraft:stone_axe":2,"minecraft:sugar_cane":4,"minecraft:iron_nugget":8,"croptopia:toast":13,"alexsmobs:animal_dictionary":4,"atlantis:aquamarine_gem":9,"minecraft:wheat":11,"minecraft:rotten_flesh":1,"minecraft:glowstone_dust":6,"guideapi_vp:vampirism-guidebook":2,"justhammers:iron_hammer":2,"minecraft:azure_bluet":1,"evilcraft:flesh_humanoid":6,"supplementaries:flax_seeds":3,"grimoireofgaia:cursed_metal_sword":2,"minecraft:leather_leggings":1,"minecraft:spruce_slab":1,"grimoireofgaia:meat":4,"minecraft:enchanted_book":2,"minecraft:iron_ingot":1,"minecraft:wheat_seeds":2,"blue_skies:moonstone":1,"minecraft:feather":3,"minecraft:cobblestone":1580,"minecraft:apple":1,"minecraft:coal":9,"minecraft:polished_andesite":9,"minecraft:lava_bucket":3,"minecraft:potion":2,"minecraft:dead_bush":1,"minecraft:mossy_cobblestone_stairs":2,"minecraft:string":61,"croptopia:coffee_seed":3,"hmag:evil_crystal_fragment":5,"croptopia:yam_seed":4,"hexerei:sage_seed":1,"minecraft:stone_sword":1,"minecraft:cobblestone_wall":30,"minecraft:smooth_stone_slab":2,"minecraft:clay_ball":4,"minecraft:iron_boots":1,"minecraft:stone_slab":1,"minecraft:light_gray_concrete":4,"hexerei:sage_burning_plate":1,"grimoireofgaia:soulfire":1,"minecraft:diamond_sword":9,"minecraft:bundle":1,"minecraft:stone_bricks":2,"minecraft:spider_eye":9,"minecraft:bamboo":1,"minecraft:bow":2,"minecraft:purple_candle":2,"minecraft:spruce_sign":6,"minecraft:brown_mushroom":4,"gothic:meat_cooked":1,"minecraft:diamond_axe":1,"minecraft:baked_potato":11,"mca:bouquet":1,"dynamictrees:spruce_seed":10,"paraglider:spirit_orb":22,"minecraft:cyan_terracotta":2,"minecraft:redstone_lamp":2,"blue_skies:blue_journal":1,"paraglider:paraglider":1,"minecraft:birch_log":3,"minecraft:gold_ingot":6,"dynamictrees:oak_seed":4,"minecraft:carrot":11,"paraglider:deku_leaf":1,"minecraft:chiseled_stone_bricks":1,"minecraft:poppy":7,"minecraft:leather_chestplate":1,"supplementaries:ash":3,"croptopia:spinach_seed":2,"minecraft:gunpowder":3,"minecraft:skeleton_skull":1,"minecraft:beetroot_seeds":5,"minecraft:arrow":12,"minecraft:splash_potion":6,"minecraft:stone_hoe":2,"minecraft:water_bucket":1,"minecraft:stripped_spruce_log":2,"minecraft:mossy_cobblestone":9,"minecraft:poisonous_potato":9,"minecraft:spruce_stairs":1,"vampirism:amulet":1,"bossominium:the_bossdexium":1,"minecraft:stick":1,"minecraft:torch":4,"minecraft:zombie_head":1,"tombstone:grave_dust":13,"minecraft:iron_leggings":1,"minecraft:polished_andesite_stairs":4,"minecraft:iron_axe":2,"croptopia:glowing_calamari":3,"minecraft:dandelion":1,"minecraft:redstone":3,"minecraft:coarse_dirt":6,"minecraft:raw_iron":9,"minecraft:light_gray_wool":1,"alexsmobs:ancient_dart":1,"grimoireofgaia:bone_shield":2,"minecraft:filled_map":1,"minecraft:andesite":7,"grimoireofgaia:fur":1,"minecraft:golden_sword":1,"tombstone:essence_of_undeath":1,"minecraft:calcite":3},"minecraft:broken":{"minecraft:iron_boots":3,"butchercraft:white_bunny_ears":1,"minecraft:iron_hoe":1,"minecraft:iron_pickaxe":3,"minecraft:iron_helmet":2,"minecraft:iron_shovel":4,"justhammers:iron_hammer":8}},"DataVersion":3120}