{"stats":{"minecraft:crafted":{"minecraft:iron_axe":1,"blue_skies:blue_journal":1,"minecraft:crafting_table":1,"minecraft:spruce_planks":130,"upgrade_aquatic:river_planks":4,"justhammers:iron_hammer":1,"minecraft:stick":4},"minecraft:custom":{"minecraft:mob_kills":30,"minecraft:interact_with_crafting_table":23,"minecraft:open_barrel":3,"minecraft:interact_with_campfire":30,"minecraft:leave_game":6,"minecraft:time_since_death":13891,"minecraft:climb_one_cm":16621,"minecraft:damage_resisted":236,"minecraft:sprint_one_cm":342430,"minecraft:walk_one_cm":164525,"minecraft:drop":46,"minecraft:damage_dealt_absorbed":854,"minecraft:talked_to_villager":3,"minecraft:play_time":104363,"minecraft:deaths":4,"minecraft:sneak_time":763,"minecraft:walk_under_water_one_cm":941,"minecraft:jump":1823,"minecraft:interact_with_blast_furnace":3,"minecraft:walk_on_water_one_cm":5014,"minecraft:total_world_time":104363,"minecraft:interact_with_furnace":2,"minecraft:traded_with_villager":1,"minecraft:tune_noteblock":36,"minecraft:interact_with_grindstone":1,"minecraft:sleep_in_bed":4,"minecraft:time_since_rest":1486,"minecraft:waystone_activated":1,"minecraft:damage_taken":3519,"minecraft:damage_dealt":7330,"minecraft:swim_one_cm":25000,"minecraft:fly_one_cm":508144,"minecraft:open_chest":25,"minecraft:crouch_one_cm":1764,"tombstone:undead_killed":13,"tombstone:villager_killed":1,"minecraft:interact_with_smoker":4,"minecraft:fall_one_cm":40881,"minecraft:inspect_dispenser":3},"minecraft:killed_by":{"minecraft:player":1,"gothic:shadowbeast":1,"gothic:stone_guardian":1,"grimoireofgaia:minotaurus":1},"minecraft:used":{"minecraft:armor_stand":1,"minecraft:iron_sword":261,"gothic:meat":1,"minecraft:torch":12,"minecraft:dirt":15,"minecraft:iron_axe":46,"gothic:river_plant":1,"tombstone:gift":2,"grimoireofgaia:meat":2,"minecraft:stone_pickaxe":23,"minecraft:blue_bed":1,"minecraft:crafting_table":3,"minecraft:chiseled_quartz_block":8,"justhammers:iron_hammer":10,"minecraft:apple":4,"minecraft:bread":3,"minecraft:string":1,"gothic:innos_tears":1,"croptopia:toast":28,"alexsmobs:animal_dictionary":1},"minecraft:killed":{"grimoireofgaia:centaur":2,"minecraft:skeleton":22,"blue_skies:gatekeeper":2,"minecraft:magma_cube":6,"gothic:scavenger":2,"gothic:scavenger_young":4,"minecraft:zombie":4,"grimoireofgaia:kobold":2},"minecraft:mined":{"upgrade_aquatic:river_log":1,"minecraft:candle":2,"blue_skies:moonstone":1,"minecraft:grass_block":17,"gothic:river_plant":1,"minecraft:spawner":1,"minecraft:large_fern":2,"minecraft:glowstone":1,"minecraft:andesite":1,"domesticationinnovation:pet_bed_purple":1,"minecraft:pumpkin":1,"blue_skies:spider_webbing":3,"minecraft:lantern":1,"minecraft:tripwire":1,"minecraft:chiseled_quartz_block":8,"minecraft:crafting_table":3,"minecraft:torch":2,"vampirism:totem_top_vampirism_hunter":1,"minecraft:lectern":1,"minecraft:tall_grass":3,"minecraft:cobblestone":1,"minecraft:blue_bed":2,"minecraft:wall_torch":11,"minecraft:ice":1,"minecraft:spruce_log":23,"dtterralith:spruce_bush_leaves":1,"realmrpg_skeletons:acrobat_skeleton":1,"minecraft:grass":26,"minecraft:coal_ore":9,"minecraft:sand":1,"minecraft:dirt":4,"minecraft:cobweb":2},"minecraft:dropped":{"minecraft:enchanted_book":1,"minecraft:iron_sword":2,"minecraft:wheat_seeds":1,"minecraft:glass_bottle":1,"blue_skies:moonstone":1,"minecraft:feather":2,"minecraft:cobblestone":8,"minecraft:apple":1,"vampirism:amulet":1,"bossominium:the_bossdexium":1,"minecraft:redstone_lamp":2,"minecraft:dirt":1,"minecraft:torch":2,"minecraft:cracked_deepslate_tiles":1,"tombstone:grave_dust":2,"minecraft:iron_axe":1,"minecraft:dandelion":1,"minecraft:sugar_cane":4,"croptopia:toast":11,"alexsmobs:animal_dictionary":4,"minecraft:glowstone_dust":6,"guideapi_vp:vampirism-guidebook":2,"minecraft:light_gray_concrete":4,"minecraft:azure_bluet":1,"evilcraft:flesh_humanoid":1,"minecraft:chiseled_stone_bricks":1,"minecraft:poppy":1,"minecraft:leather_chestplate":1,"supplementaries:ash":2,"minecraft:andesite":1,"minecraft:leather_leggings":1,"minecraft:spruce_slab":1},"minecraft:picked_up":{"croptopia:toast":40,"minecraft:crafting_table":3,"minecraft:azure_bluet":1,"minecraft:redstone_lamp":2,"domesticationinnovation:pet_bed_purple":1,"minecraft:string":9,"minecraft:iron_axe":1,"minecraft:armor_stand":1,"upgrade_aquatic:river_log":1,"minecraft:candle":5,"minecraft:spruce_slab":1,"minecraft:iron_nugget":2,"minecraft:poppy":1,"minecraft:smooth_quartz":12,"minecraft:lectern":1,"minecraft:sugar_cane":4,"minecraft:stick":32,"grimoireofgaia:meat":2,"minecraft:torch":14,"tombstone:grave_dust":1,"vampirism:amulet":2,"minecraft:arrow":15,"minecraft:rotten_flesh":3,"supplementaries:ash":2,"minecraft:cobblestone":8,"minecraft:cracked_deepslate_tiles":1,"minecraft:feather":2,"minecraft:andesite":1,"minecraft:leather":2,"minecraft:chiseled_quartz_block":8,"minecraft:potato":1,"blue_skies:moonstone":1,"paraglider:spirit_orb":2,"gothic:river_plant":1,"minecraft:blue_bed":2,"minecraft:dirt":17,"minecraft:lantern":1,"minecraft:bone":11,"minecraft:wheat_seeds":2,"guideapi_vp:vampirism-guidebook":1,"minecraft:stone_pickaxe":1,"minecraft:glowstone_dust":6,"minecraft:iron_sword":1,"minecraft:chiseled_stone_bricks":1,"minecraft:dandelion":1,"minecraft:spruce_log":40,"grimoireofgaia:box_iron":1,"alexsmobs:animal_dictionary":3,"minecraft:light_gray_concrete":4,"gothic:meat":1,"waystones:waystone":1,"bossominium:the_bossdexium":1,"minecraft:golden_apple":1,"minecraft:coal":9}},"DataVersion":3120}