{"stats":{"minecraft:custom":{"minecraft:interact_with_crafting_table":80,"minecraft:open_barrel":32,"minecraft:leave_game":24,"minecraft:time_since_death":48175,"minecraft:damage_resisted":1480,"minecraft:sprint_one_cm":2185559,"minecraft:damage_blocked_by_shield":105,"minecraft:drop":201,"minecraft:talked_to_villager":109,"minecraft:play_time":734562,"minecraft:deaths":30,"minecraft:jump":10865,"minecraft:walk_on_water_one_cm":46985,"minecraft:interact_with_furnace":118,"minecraft:traded_with_villager":1,"minecraft:sleep_in_bed":35,"minecraft:waystone_activated":8,"minecraft:damage_dealt":37944,"minecraft:player_kills":2,"minecraft:crouch_one_cm":25767,"tombstone:undead_killed":95,"tombstone:villager_killed":1,"minecraft:interact_with_smoker":34,"minecraft:inspect_dispenser":3,"minecraft:mob_kills":191,"minecraft:interact_with_campfire":64,"minecraft:climb_one_cm":20184,"minecraft:walk_one_cm":1527788,"minecraft:damage_dealt_absorbed":6251,"minecraft:sneak_time":9599,"minecraft:walk_under_water_one_cm":5098,"minecraft:boat_one_cm":16158,"minecraft:interact_with_blast_furnace":22,"minecraft:total_world_time":734562,"tombstone:raider_killed":2,"minecraft:tune_noteblock":36,"minecraft:interact_with_stonecutter":23,"minecraft:interact_with_grindstone":1,"minecraft:time_since_rest":8806,"minecraft:damage_taken":21420,"minecraft:damage_absorbed":40,"minecraft:minecart_one_cm":622,"tombstone:cast_on_ally":0,"minecraft:swim_one_cm":41099,"minecraft:fly_one_cm":2392161,"minecraft:open_chest":410,"minecraft:fall_one_cm":215803},"minecraft:broken":{"minecraft:iron_shovel":4,"minecraft:iron_boots":2,"minecraft:iron_hoe":1,"justhammers:iron_hammer":5,"minecraft:iron_pickaxe":2,"minecraft:iron_helmet":1},"minecraft:used":{"grimoireofgaia:bone_shield":1,"minecraft:iron_shovel":1035,"minecraft:spruce_slab":15,"minecraft:poppy":3,"minecraft:chest":19,"minecraft:iron_sword":472,"gothic:waterpipe":2,"minecraft:lantern":10,"minecraft:mossy_cobblestone_slab":15,"gothic:river_plant":1,"minecraft:stone_bricks":576,"minecraft:magma_block":1,"minecraft:bow":38,"minecraft:sweet_berries":21,"minecraft:furnace":2,"grimoireofgaia:meat":2,"minecraft:potato":102,"cataclysm:stone_tile_slab":102,"minecraft:stone_pickaxe":93,"butchercraft:cooked_beef_scraps":3,"minecraft:blue_bed":3,"minecraft:diamond_axe":341,"minecraft:golden_apple":1,"minecraft:white_wool":2,"gothic:scavenger_egg":3,"gothic:lamb_sausage":6,"gothic:meat_cooked":3,"minecraft:blast_furnace":2,"hmag:randomberry":5,"gothic:cheese":1,"minecraft:chiseled_quartz_block":8,"waystones:waystone":2,"minecraft:bread":3,"minecraft:string":1,"minecraft:lectern":1,"minecraft:gravel":5,"exoticbirds:cooked_birdmeat":6,"supplementaries:flax_seeds":2,"hexerei:mixing_cauldron":2,"minecraft:soul_lantern":2,"domesticationinnovation:pet_bed_purple":2,"croptopia:toast":58,"minecraft:diamond_sword":565,"myceliummire:mycliated_dirt":1,"minecraft:andesite":3,"minecraft:coarse_dirt":474,"minecraft:bone_meal":96,"minecraft:armor_stand":1,"minecraft:stone_shovel":99,"minecraft:light_gray_carpet":3,"minecraft:spruce_planks":92,"gothic:meat":1,"minecraft:stone_hoe":66,"minecraft:stick":21,"minecraft:torch":158,"minecraft:dirt":835,"simplyhotsprings:hot_spring_water_bucket":2,"minecraft:cobblestone_wall":306,"minecraft:iron_hoe":248,"minecraft:iron_axe":220,"evilcraft:box_of_eternal_closure":1,"evilcraft:flesh_humanoid":2,"minecraft:dark_oak_pressure_plate":1,"tombstone:gift":5,"hexerei:herb_drying_rack":3,"minecraft:wheat_seeds":16,"vampirism:fire_place":2,"minecraft:water_bucket":31,"minecraft:baked_potato":168,"gothic:meadow_knotweed":1,"minecraft:spruce_fence_gate":3,"minecraft:stonecutter":1,"blue_skies:frostbright_stairs":13,"minecraft:crafting_table":7,"minecraft:white_bed":5,"minecraft:spruce_log":12,"justhammers:iron_hammer":822,"minecraft:smoker":4,"tombstone:bag_of_seeds":4,"minecraft:apple":4,"hexerei:sage_seed":18,"minecraft:iron_pickaxe":518,"hexerei:sage_burning_plate":1,"tombstone:magic_scroll":1,"minecraft:stone_slab":6,"gothic:innos_tears":1,"naturalist:glow_goop":1,"minecraft:stone_axe":1,"minecraft:cobblestone":446,"minecraft:bucket":35,"alexsmobs:animal_dictionary":1,"minecraft:splash_potion":1},"minecraft:mined":{"minecraft:spruce_planks":76,"minecraft:white_bed":6,"minecraft:farmland":10,"dtterralith:spruce_short_conifer_leaves":2,"minecraft:cobblestone_stairs":2,"myceliummire:mycliated_dirt":4,"blue_skies:moonstone":1,"minecraft:spruce_trapdoor":16,"minecraft:grass_block":657,"vampirism:weapon_table":1,"gothic:river_plant":1,"minecraft:oxeye_daisy":2,"minecraft:spawner":7,"minecraft:magma_block":8,"minecraft:mossy_cobblestone_slab":15,"minecraft:glowstone":1,"minecraft:mossy_cobblestone_stairs":2,"minecraft:iron_ore":53,"minecraft:barrel":1,"minecraft:pumpkin":1,"domesticationinnovation:pet_bed_purple":2,"minecraft:azure_bluet":1,"supplementaries:stick":11,"minecraft:dirt_path":25,"blue_skies:spider_webbing":3,"minecraft:oak_stairs":1,"minecraft:black_candle":1,"minecraft:spruce_slab":15,"minecraft:tripwire":1,"hexerei:herb_drying_rack":1,"minecraft:cyan_terracotta":1,"minecraft:blackstone":1,"minecraft:smoker":3,"minecraft:soul_lantern":2,"minecraft:chiseled_quartz_block":8,"minecraft:torch":43,"minecraft:calcite":4,"minecraft:poppy":5,"minecraft:chest":4,"supplementaries:wild_flax":7,"minecraft:cobblestone":93,"cataclysm:stone_tile_slab":19,"minecraft:wall_torch":42,"minecraft:skeleton_skull":3,"minecraft:light_gray_candle":1,"evilcraft:dark_ore_deepslate":1,"minecraft:wheat":6,"dtterralith:spruce_bush_leaves":10,"realmrpg_skeletons:acrobat_skeleton":1,"minecraft:smooth_stone_slab":3,"atlantis:aquamarine_ore":2,"minecraft:stone_brick_stairs":8,"minecraft:grass":66,"dtterralith:dark_oak_red_conifer_leaves":1,"minecraft:dirt":123,"minecraft:sand":1,"structure_gel:dynamic_spawner":2,"oaks_decor:pebbles_2":1,"minecraft:deepslate":9,"create:zinc_ore":1,"minecraft:tuff":1,"upgrade_aquatic:river_log":1,"minecraft:mossy_cobblestone":5,"minecraft:candle":3,"minecraft:purple_candle":1,"gothic:waterpipe":2,"minecraft:dark_oak_pressure_plate":1,"minecraft:large_fern":9,"minecraft:hay_block":6,"blue_skies:frostbright_stairs":28,"minecraft:furnace":1,"minecraft:andesite":26,"minecraft:stripped_spruce_log":1,"minecraft:gold_block":3,"dynamictrees:spruce_leaves":1,"minecraft:potatoes":24,"minecraft:cobblestone_slab":1,"minecraft:deepslate_iron_ore":18,"blue_skies:frostbright_slab":6,"minecraft:lantern":8,"hexerei:mixing_cauldron":1,"minecraft:stone":41,"supplementaries:wall_lantern":3,"minecraft:white_wool":3,"minecraft:light_gray_carpet":4,"blue_skies:frostbright_planks":6,"minecraft:glass_pane":2,"minecraft:soul_sand":4,"minecraft:dandelion":5,"vampirism:totem_top_vampirism_hunter":1,"minecraft:crafting_table":4,"minecraft:tall_grass":30,"minecraft:lectern":2,"minecraft:stone_slab":8,"gothic:scavenger_eggs":1,"oaks_decor:sand_castle":1,"minecraft:deepslate_gold_ore":1,"minecraft:blue_bed":5,"minecraft:spruce_stairs":2,"supplementaries:urn":8,"minecraft:purple_bed":1,"gothic:meadow_knotweed_wild":1,"minecraft:coarse_dirt":462,"minecraft:cobblestone_wall":20,"blue_skies:frostbright_trapdoor":2,"minecraft:sweet_berry_bush":3,"minecraft:ice":4,"minecraft:gray_bed":1,"minecraft:spruce_log":214,"minecraft:coal_ore":52,"vampirism:fire_place":2,"minecraft:gravel":12,"minecraft:cobweb":63,"hexerei:sage_crop":6,"minecraft:spruce_fence_gate":2,"minecraft:stone_bricks":120,"minecraft:fern":9},"minecraft:picked_up":{"minecraft:wheat":21,"minecraft:stone_slab":11,"minecraft:diamond_sword":4,"minecraft:oak_stairs":1,"minecraft:stone_brick_stairs":7,"domesticationinnovation:pet_bed_purple":2,"minecraft:lapis_block":1,"croptopia:artichoke_seed":2,"minecraft:string":146,"minecraft:dark_oak_pressure_plate":1,"alexsmobs:ancient_dart":1,"minecraft:smooth_stone_slab":4,"minecraft:iron_leggings":2,"minecraft:armor_stand":1,"minecraft:zombie_head":1,"vampirism:obi_belt":1,"minecraft:smooth_stone":2,"upgrade_aquatic:river_log":1,"minecraft:gold_nugget":10,"minecraft:cobbled_deepslate":460,"minecraft:spruce_planks":75,"minecraft:cobblestone_slab":2,"minecraft:calcite":23,"minecraft:smooth_quartz":12,"minecraft:iron_pickaxe":6,"minecraft:iron_boots":1,"minecraft:furnace":1,"minecraft:stick":312,"minecraft:torch":232,"minecraft:spruce_stairs":1,"vampirism:holy_water_bottle_enhanced":1,"tombstone:grave_dust":15,"vampirism:vampire_fang":1,"vampirism:amulet":2,"croptopia:coffee_seed":3,"evilcraft:box_of_eternal_closure":1,"minecraft:rotten_flesh":58,"minecraft:cyan_terracotta":2,"hexerei:herb_drying_rack":1,"supplementaries:ash":19,"blue_skies:frostbright_slab":6,"minecraft:cobblestone":2139,"minecraft:birch_log":35,"minecraft:magma_block":7,"minecraft:mossy_cobblestone_slab":14,"vampirism:weapon_table":1,"minecraft:feather":10,"minecraft:andesite":232,"minecraft:chiseled_quartz_block":8,"minecraft:smoker":3,"minecraft:potato":264,"paraglider:spirit_orb":40,"minecraft:flint":1,"minecraft:tuff":1,"create:raw_zinc":5,"evilcraft:flesh_humanoid":2,"supplementaries:flax_seeds":10,"cataclysm:stone_tile_slab":19,"minecraft:lapis_lazuli":8,"minecraft:dirt":760,"minecraft:lantern":10,"hmag:evil_crystal_fragment":2,"minecraft:bone":46,"minecraft:bow":4,"minecraft:wheat_seeds":181,"minecraft:raw_gold":1,"minecraft:glowstone_dust":7,"minecraft:bamboo":1,"minecraft:stone_hoe":1,"dtterralith:birch_pine_seed":8,"hmag:soul_powder":1,"gothic:meat_cooked":1,"justhammers:iron_hammer":2,"hexerei:sage":30,"minecraft:stripped_spruce_log":2,"minecraft:dead_bush":1,"hmag:kobold_leather":1,"croptopia:spinach_seed":2,"minecraft:barrel":1,"alexsmobs:animal_dictionary":3,"minecraft:mossy_cobblestone":116,"minecraft:light_gray_concrete":4,"minecraft:polished_andesite":9,"minecraft:spruce_fence_gate":2,"minecraft:soul_lantern":3,"waystones:waystone":2,"bossominium:the_bossdexium":1,"gothic:scavenger_egg":3,"minecraft:golden_apple":1,"minecraft:spruce_sign":6,"minecraft:emerald":16,"minecraft:light_gray_carpet":4,"croptopia:zucchini_seed":2,"atlantis:aquamarine_gem":30,"croptopia:toast":72,"minecraft:charcoal":2,"minecraft:crafting_table":5,"minecraft:coarse_dirt":480,"minecraft:azure_bluet":3,"minecraft:splash_potion":4,"minecraft:redstone_lamp":2,"croptopia:sweetpotato_seed":4,"minecraft:brown_mushroom":1,"dynamictrees:spruce_seed":17,"minecraft:gold_block":3,"blue_skies:frostbright_door":2,"gothic:waterpipe":2,"minecraft:iron_axe":2,"minecraft:blackstone":1,"minecraft:candle":6,"minecraft:iron_nugget":8,"minecraft:poppy":11,"minecraft:light_gray_wool":1,"minecraft:spruce_slab":16,"minecraft:lectern":2,"blue_skies:frostbright_stairs":28,"minecraft:sugar_cane":4,"minecraft:chest":6,"minecraft:spruce_trapdoor":14,"minecraft:raw_iron":85,"minecraft:stone":61,"grimoireofgaia:meat":2,"sophisticatedbackpacks:backpack":1,"minecraft:carrot":10,"minecraft:redstone":71,"croptopia:yam_seed":2,"hexerei:sage_seed":114,"minecraft:purple_candle":2,"butchercraft:chicken_scraps":1,"minecraft:arrow":50,"minecraft:stone_shovel":1,"minecraft:beetroot_seeds":5,"minecraft:hay_block":6,"minecraft:gold_ingot":25,"tombstone:essence_of_undeath":1,"butchercraft:beef_scraps":15,"minecraft:skeleton_skull":4,"exoticbirds:raw_birdmeat":11,"minecraft:white_wool":4,"minecraft:oxeye_daisy":2,"minecraft:cracked_deepslate_tiles":1,"minecraft:glow_ink_sac":7,"minecraft:leather":11,"blue_skies:frostbright_planks":6,"croptopia:glowing_calamari":6,"minecraft:filled_map":1,"grimoireofgaia:bone_shield":2,"blue_skies:moonstone":1,"gothic:river_plant":1,"gothic:magic_ore_nugget":2,"oaks_decor:sand_castles":1,"minecraft:cobblestone_wall":32,"minecraft:gunpowder":1,"minecraft:cobblestone_stairs":3,"minecraft:paper":9,"minecraft:blue_bed":3,"dtterralith:black_poplar_seed":25,"exoticbirds:cooked_birdmeat":2,"tombstone:gift":1,"naturalist:glow_goop":1,"vampirism:human_heart":2,"minecraft:stone_bricks":451,"alexsmobs:cockroach_wing_fragment":1,"guideapi_vp:vampirism-guidebook":1,"minecraft:iron_ingot":9,"minecraft:stone_pickaxe":1,"minecraft:cobweb":2,"tombstone:bag_of_seeds":2,"croptopia:elderberry_seed":2,"minecraft:iron_sword":5,"minecraft:soul_sand":3,"hexerei:mixing_cauldron":1,"myceliummire:mycliated_dirt":2,"minecraft:polished_andesite_stairs":4,"minecraft:black_candle":3,"minecraft:sweet_berries":6,"minecraft:chiseled_stone_bricks":1,"vampirism:fire_place":2,"minecraft:dandelion":6,"blue_skies:frostbright_trapdoor":2,"gothic:cheese":2,"minecraft:gravel":8,"minecraft:lava_bucket":1,"minecraft:white_bed":6,"minecraft:spruce_log":408,"grimoireofgaia:box_iron":1,"minecraft:spruce_door":1,"minecraft:spider_eye":9,"butchercraft:leather_scrap":7,"gothic:meat":5,"hexerei:sage_burning_plate":1,"minecraft:light_gray_candle":2,"minecraft:stone_axe":2,"evilcraft:dark_gem":17,"butchercraft:lamb_scraps":6,"gothic:meadow_knotweed":1,"minecraft:diamond_axe":1,"minecraft:mossy_cobblestone_stairs":2,"minecraft:baked_potato":113,"tombstone:magic_scroll":1,"minecraft:coal":106},"minecraft:killed_by":{"gothic:shadowbeast":1,"hmag:zombie_girl":1,"grimoireofgaia:arachne":1,"grimoireofgaia:bone_knight":1,"minecraft:cave_spider":1,"grimoireofgaia:minotaurus":1,"grimoireofgaia:dwarf":1,"minecraft:vex":1,"minecraft:player":6,"gothic:stone_guardian":1,"grimoireofgaia:flesh_lich":4,"minecraft:skeleton":7,"minecraft:giant":3,"grimoireofgaia:creep":1},"minecraft:crafted":{"hexerei:mixing_cauldron":1,"minecraft:stone":148,"cataclysm:stone_tile_slab":4,"minecraft:bow":1,"minecraft:iron_boots":1,"minecraft:mossy_cobblestone_slab":14,"minecraft:chest":17,"minecraft:stone_hoe":1,"minecraft:stone_bricks":188,"blue_skies:blue_journal":1,"minecraft:cauldron":1,"minecraft:crafting_table":3,"minecraft:spruce_planks":234,"minecraft:iron_helmet":1,"minecraft:baked_potato":103,"minecraft:copper_ingot":24,"butchercraft:cooked_beef_scraps":3,"minecraft:iron_chestplate":1,"minecraft:stick":4,"minecraft:stone_slab":8,"minecraft:iron_ingot":77,"minecraft:iron_pickaxe":2,"minecraft:gold_ingot":1,"minecraft:spruce_fence_gate":1,"minecraft:stone_shovel":1,"mca:bouquet":1,"minecraft:bone_meal":96,"minecraft:flint_and_steel":1,"minecraft:iron_axe":1,"minecraft:spruce_slab":60,"minecraft:cobblestone_wall":42,"minecraft:wheat":54,"sophisticatedbackpacks:iron_backpack":1,"paraglider:paraglider":2,"hexerei:sage_bundle":1,"gothic:meat_cooked":3,"upgrade_aquatic:river_planks":4,"hexerei:herb_drying_rack":2,"minecraft:bucket":1,"minecraft:air":0,"minecraft:bread":22,"justhammers:iron_hammer":6,"exoticbirds:cooked_birdmeat":4,"minecraft:iron_shovel":1,"minecraft:stonecutter":1,"minecraft:torch":44},"minecraft:killed":{"vampirism:vampire":6,"minecraft:cave_spider":10,"minecraft:spider":14,"alexsmobs:snow_leopard":4,"minecraft:skeleton":60,"minecraft:silverfish":6,"minecraft:illusioner":4,"gothic:cave_molerat":2,"grimoireofgaia:flesh_lich":6,"minecraft:magma_cube":6,"naturalist:firefly":2,"grimoireofgaia:bone_knight":10,"vampirism:hunter":2,"minecraft:sheep":6,"gothic:scavenger":2,"minecraft:zombie":102,"grimoireofgaia:harpy":4,"minecraft:glow_squid":2,"minecraft:cow":4,"grimoireofgaia:centaur":4,"hmag:zombie_girl":10,"blue_skies:gatekeeper":2,"grimoireofgaia:dwarf":2,"hmag:ghost":2,"naturalist:bear":2,"minecraft:bat":2,"hmag:kobold":2,"gothic:scavenger_young":4,"alexsmobs:cockroach":2,"grimoireofgaia:arachne":2,"grimoireofgaia:kobold":4,"minecraft:player":2},"minecraft:dropped":{"minecraft:spruce_sign":6,"minecraft:iron_sword":5,"minecraft:brown_mushroom":2,"gothic:meat_cooked":1,"minecraft:diamond_axe":1,"minecraft:baked_potato":4,"minecraft:glass_bottle":1,"mca:bouquet":1,"dynamictrees:spruce_seed":5,"paraglider:spirit_orb":22,"minecraft:emerald":7,"minecraft:cyan_terracotta":2,"minecraft:dirt":34,"minecraft:redstone_lamp":2,"minecraft:cracked_deepslate_tiles":1,"minecraft:gold_nugget":2,"minecraft:iron_pickaxe":5,"paraglider:paraglider":1,"minecraft:gold_ingot":6,"minecraft:bone":4,"minecraft:stone_axe":2,"minecraft:sugar_cane":4,"minecraft:iron_nugget":3,"croptopia:toast":13,"alexsmobs:animal_dictionary":4,"atlantis:aquamarine_gem":9,"minecraft:wheat":4,"minecraft:glowstone_dust":6,"guideapi_vp:vampirism-guidebook":2,"justhammers:iron_hammer":1,"minecraft:azure_bluet":1,"evilcraft:flesh_humanoid":4,"minecraft:carrot":10,"minecraft:chiseled_stone_bricks":1,"minecraft:poppy":7,"minecraft:leather_chestplate":1,"supplementaries:ash":3,"croptopia:spinach_seed":2,"minecraft:gunpowder":1,"minecraft:beetroot_seeds":5,"minecraft:leather_leggings":1,"minecraft:spruce_slab":1,"minecraft:arrow":10,"minecraft:splash_potion":6,"minecraft:enchanted_book":2,"minecraft:stone_hoe":2,"minecraft:iron_ingot":1,"minecraft:stripped_spruce_log":2,"minecraft:wheat_seeds":1,"minecraft:mossy_cobblestone":5,"blue_skies:moonstone":1,"minecraft:feather":2,"minecraft:cobblestone":233,"minecraft:apple":1,"minecraft:spruce_stairs":1,"minecraft:coal":9,"vampirism:amulet":1,"bossominium:the_bossdexium":1,"minecraft:stick":1,"minecraft:polished_andesite":9,"minecraft:lava_bucket":1,"minecraft:torch":4,"minecraft:zombie_head":1,"tombstone:grave_dust":2,"minecraft:dead_bush":1,"minecraft:polished_andesite_stairs":4,"minecraft:iron_axe":2,"minecraft:mossy_cobblestone_stairs":2,"minecraft:string":60,"croptopia:coffee_seed":3,"hmag:evil_crystal_fragment":5,"minecraft:redstone":3,"minecraft:dandelion":1,"croptopia:glowing_calamari":3,"croptopia:yam_seed":4,"hexerei:sage_seed":1,"minecraft:coarse_dirt":5,"minecraft:cobblestone_wall":30,"minecraft:smooth_stone_slab":2,"minecraft:raw_iron":9,"minecraft:iron_boots":1,"alexsmobs:ancient_dart":1,"minecraft:stone_slab":1,"minecraft:light_gray_concrete":4,"hexerei:sage_burning_plate":1,"grimoireofgaia:bone_shield":1,"minecraft:filled_map":1,"minecraft:diamond_sword":3,"minecraft:andesite":7,"minecraft:spider_eye":8,"minecraft:stone_bricks":2,"minecraft:bamboo":1,"tombstone:essence_of_undeath":1,"minecraft:bow":2,"minecraft:purple_candle":2,"minecraft:calcite":1}},"DataVersion":3120}