{"stats":{"minecraft:dropped":{"minecraft:iron_sword":1,"butchercraft:beef_scraps":4,"butchercraft:leather_scrap":4,"minecraft:brown_mushroom":1,"minecraft:glass_bottle":2,"gothic:cheese":1,"paraglider:spirit_orb":2,"minecraft:emerald":5,"minecraft:cyan_terracotta":5,"minecraft:cracked_deepslate_tiles":1,"croptopia:sweetpotato_seed":6,"minecraft:bone_meal":10,"minecraft:iron_pickaxe":1,"minecraft:white_wool":1,"minecraft:lever":1,"minecraft:iron_nugget":4,"tombstone:gift":1,"minecraft:rotten_flesh":11,"guideapi_vp:vampirism-guidebook":1,"minecraft:white_bed":1,"evilcraft:flesh_humanoid":1,"minecraft:carrot":2,"minecraft:rabbit_hide":6,"minecraft:poppy":1,"minecraft:leather_chestplate":1,"minecraft:beetroot_seeds":11,"minecraft:arrow":4,"minecraft:enchanted_book":1,"butchercraft:pork_scraps":6,"minecraft:wheat_seeds":37,"minecraft:mossy_cobblestone":2,"minecraft:feather":1,"minecraft:cobblestone":10,"croptopia:sweetpotato":1,"gothic:meat":4,"vampirism:amulet":2,"exoticbirds:mystery_egg":1,"bossominium:the_bossdexium":1,"minecraft:cobweb":4,"butchercraft:lamb_scraps":3,"blue_skies:frostbright_slab":6,"minecraft:torch":1,"minecraft:dead_bush":4,"minecraft:polished_andesite_stairs":2,"minecraft:flowering_azalea":1,"minecraft:paper":9,"minecraft:string":8,"minecraft:redstone":128,"minecraft:smooth_stone_slab":2,"minecraft:light_gray_wool":1,"sophisticatedbackpacks:backpack":1,"minecraft:deepslate_bricks":3,"minecraft:bundle":3,"exoticbirds:raw_birdmeat":17,"minecraft:spider_eye":2,"minecraft:bow":1,"minecraft:stone_pickaxe":1,"minecraft:wooden_pickaxe":2},"minecraft:mined":{"minecraft:white_bed":12,"minecraft:cobblestone_stairs":1,"minecraft:grass_block":5,"minecraft:deepslate_bricks":3,"minecraft:chiseled_stone_bricks":1,"minecraft:spawner":13,"minecraft:iron_ore":2,"minecraft:anvil":1,"minecraft:flowering_azalea_leaves":1,"minecraft:iron_bars":2,"minecraft:deepslate_brick_stairs":1,"create:limestone":9,"minecraft:spruce_slab":1,"farmersdelight:wild_potatoes":13,"minecraft:tripwire":3,"oaks_decor:sand_castles":1,"minecraft:cyan_terracotta":1,"minecraft:torch":11,"minecraft:blast_furnace":2,"minecraft:calcite":2,"minecraft:chest":11,"minecraft:white_stained_glass_pane":1,"minecraft:cobblestone":22,"minecraft:grindstone":1,"minecraft:wall_torch":3,"realmrpg_skeletons:bow_skeleton":1,"vampirism:totem_top":1,"aquamirae:wisteria_niveis":4,"paraglider:kakariko_goddess_statue":3,"minecraft:smooth_stone_slab":2,"minecraft:grass":32,"minecraft:cracked_deepslate_tiles":1,"blue_skies:frostbright_door":3,"minecraft:dirt":1,"minecraft:redstone_lamp":4,"minecraft:light_blue_stained_glass_pane":1,"minecraft:mossy_cobblestone":5,"minecraft:gray_stained_glass_pane":1,"gothic:waterpipe":1,"gothic:scavenger_grilled":1,"gothic:ornament_part":1,"minecraft:stripped_spruce_log":1,"minecraft:vine":2,"minecraft:lantern":9,"minecraft:packed_ice":6,"minecraft:stone":16,"minecraft:white_wool":52,"supplementaries:wall_lantern":7,"minecraft:smithing_table":1,"minecraft:podzol":1,"minecraft:redstone_block":1,"minecraft:spruce_door":3,"croptopia:sweetpotato_crop":1,"minecraft:crafting_table":3,"minecraft:campfire":1,"gothic:scavenger_eggs":1,"minecraft:tall_grass":20,"oaks_decor:sand_castle":4,"gothic:innos_statue":1,"minecraft:coal_ore":4,"minecraft:zombie_head":1,"minecraft:cobweb":43,"upgrade_aquatic:driftwood_log":2,"minecraft:fern":2},"minecraft:killed_by":{"minecraft:cave_spider":1,"gothic:stone_guardian":1},"minecraft:picked_up":{"minecraft:redstone_block":1,"minecraft:anvil":1,"minecraft:smithing_table":1,"minecraft:diamond_sword":1,"minecraft:enchanted_book":6,"butchercraft:pork_scraps":6,"minecraft:string":53,"create:limestone":8,"minecraft:smooth_stone_slab":2,"minecraft:iron_leggings":1,"minecraft:sticky_piston":7,"minecraft:experience_bottle":1,"minecraft:zombie_head":1,"minecraft:gold_nugget":1,"minecraft:spruce_planks":1,"minecraft:calcite":1,"minecraft:iron_boots":1,"minecraft:stick":21,"minecraft:torch":27,"paraglider:kakariko_goddess_statue":3,"tombstone:grave_dust":1,"vampirism:amulet":1,"minecraft:stone_sword":1,"minecraft:rotten_flesh":28,"minecraft:cyan_terracotta":5,"minecraft:deepslate_brick_stairs":1,"blue_skies:frostbright_slab":6,"minecraft:snowball":1,"minecraft:cobblestone":61,"minecraft:leather_chestplate":2,"minecraft:feather":13,"minecraft:andesite":4,"minecraft:potato":16,"paraglider:spirit_orb":25,"evilcraft:flesh_humanoid":1,"minecraft:dirt":25,"minecraft:lantern":16,"minecraft:bone":34,"croptopia:sweetpotato":1,"minecraft:bow":1,"minecraft:wheat_seeds":21,"aquamirae:wisteria_niveis":4,"minecraft:grindstone":1,"gothic:ornament_part":1,"gothic:meat_cooked":2,"minecraft:stripped_spruce_log":1,"minecraft:dead_bush":4,"minecraft:mossy_cobblestone":6,"minecraft:bundle":3,"minecraft:diamond":1,"waystones:waystone":2,"minecraft:lever":1,"minecraft:polished_blackstone_button":1,"gothic:scavenger_egg":2,"minecraft:bone_meal":10,"minecraft:emerald":1,"croptopia:toast":22,"minecraft:crafting_table":2,"dynamictrees:spruce_seed":1,"minecraft:leather_leggings":1,"minecraft:redstone_lamp":4,"minecraft:brown_mushroom":1,"croptopia:sweetpotato_seed":6,"minecraft:wooden_pickaxe":1,"blue_skies:frostbright_door":1,"gothic:waterpipe":1,"minecraft:iron_shovel":2,"minecraft:poppy":2,"minecraft:light_gray_wool":1,"minecraft:chest":11,"exoticbirds:penguin_egg":4,"minecraft:raw_iron":3,"minecraft:carrot":6,"minecraft:redstone":64,"minecraft:arrow":22,"minecraft:beetroot_seeds":11,"upgrade_aquatic:driftwood_log":2,"minecraft:deepslate_bricks":6,"minecraft:saddle":2,"butchercraft:beef_scraps":7,"minecraft:white_wool":54,"exoticbirds:raw_birdmeat":27,"minecraft:cracked_deepslate_tiles":1,"minecraft:leather":4,"minecraft:red_mushroom":2,"oaks_decor:sand_castles":5,"minecraft:cobblestone_stairs":1,"mca:book_romance":1,"minecraft:blue_bed":1,"dtterralith:black_poplar_seed":3,"tombstone:gift":2,"minecraft:apple":6,"minecraft:rabbit_hide":3,"minecraft:cobweb":4,"minecraft:gray_bed":1,"minecraft:iron_sword":3,"minecraft:flowering_azalea":1,"minecraft:polished_andesite_stairs":2,"minecraft:sweet_berries":20,"minecraft:blast_furnace":2,"minecraft:white_bed":12,"minecraft:spruce_log":18,"minecraft:spider_eye":3,"minecraft:spruce_door":2,"butchercraft:leather_scrap":4,"gothic:meat":8,"evilcraft:dark_gem":13,"minecraft:iron_helmet":1,"butchercraft:lamb_scraps":3,"exoticbirds:pelican_egg":1,"minecraft:baked_potato":16,"minecraft:coal":15},"minecraft:custom":{"minecraft:interact_with_crafting_table":17,"minecraft:open_barrel":22,"minecraft:bell_ring":5,"minecraft:leave_game":4,"minecraft:time_since_death":30366,"minecraft:damage_resisted":96,"minecraft:sprint_one_cm":483643,"minecraft:drop":103,"minecraft:play_time":215818,"minecraft:deaths":3,"minecraft:jump":3547,"minecraft:walk_on_water_one_cm":9653,"minecraft:interact_with_furnace":9,"minecraft:sleep_in_bed":10,"minecraft:waystone_activated":2,"minecraft:damage_dealt":17213,"minecraft:player_kills":2,"minecraft:crouch_one_cm":15985,"tombstone:undead_killed":31,"minecraft:interact_with_smoker":10,"minecraft:inspect_dispenser":1,"minecraft:mob_kills":84,"minecraft:interact_with_campfire":38,"minecraft:climb_one_cm":30853,"minecraft:walk_one_cm":597909,"minecraft:damage_dealt_absorbed":433,"minecraft:sneak_time":5342,"minecraft:walk_under_water_one_cm":2911,"minecraft:total_world_time":215818,"minecraft:tune_noteblock":99,"minecraft:time_since_rest":17783,"minecraft:damage_taken":4146,"minecraft:swim_one_cm":2182,"minecraft:fly_one_cm":918613,"minecraft:open_chest":146,"minecraft:fall_one_cm":88993},"minecraft:broken":{"minecraft:leather_leggings":1,"minecraft:iron_sword":2},"minecraft:crafted":{"luphieclutteredmod:luphie_cardboard_box_open":1,"minecraft:cooked_rabbit":7,"sophisticatedbackpacks:backpack":2,"minecraft:cooked_porkchop":6,"minecraft:crafting_table":3,"minecraft:spruce_planks":40,"minecraft:wooden_pickaxe":1,"minecraft:baked_potato":5,"minecraft:spruce_door":3,"butchercraft:cooked_beef_scraps":12,"minecraft:stick":12,"minecraft:iron_ingot":1,"minecraft:iron_pickaxe":1,"minecraft:shears":1,"minecraft:redstone":9,"minecraft:iron_axe":2,"minecraft:stone_pickaxe":1,"minecraft:spruce_boat":1,"upgrade_aquatic:driftwood_planks":8,"minecraft:cooked_beef":2,"farmersdelight:honey_cookie":16,"minecraft:cooked_cod":2,"minecraft:iron_sword":1,"minecraft:air":0,"exoticbirds:cooked_birdmeat":4,"minecraft:iron_leggings":1},"minecraft:killed":{"minecraft:cave_spider":10,"minecraft:spider":2,"alexsmobs:snow_leopard":4,"grimoireofgaia:minotaurus":2,"minecraft:skeleton":22,"gothic:molerat":2,"minecraft:cat":2,"minecraft:magma_cube":4,"minecraft:pig":4,"alexsmobs:seal":2,"exoticbirds:penguin":4,"minecraft:sheep":4,"gothic:scavenger":4,"minecraft:zombie":40,"grimoireofgaia:harpy":2,"minecraft:cow":8,"gothic:npc_oldcamp_hunter":2,"exoticbirds:pelican":2,"grimoireofgaia:satyress":2,"minecraft:horse":10,"naturalist:bluejay":2,"exoticbirds:flamingo":8,"gothic:scavenger_young":6,"exoticbirds:pigeon":6,"alexsmobs:crow":4,"minecraft:player":1},"minecraft:used":{"minecraft:iron_sword":536,"minecraft:mutton":1,"minecraft:snowball":1,"minecraft:milk_bucket":2,"exoticbirds:raw_birdmeat":6,"minecraft:lantern":16,"minecraft:redstone_lamp":1,"minecraft:sweet_berries":2,"minecraft:cooked_cod":2,"minecraft:gray_bed":1,"minecraft:potato":23,"dynamictrees:spruce_seed":1,"minecraft:leather_leggings":1,"minecraft:spruce_door":5,"minecraft:stone_pickaxe":13,"minecraft:leather_chestplate":1,"minecraft:wooden_pickaxe":10,"butchercraft:cooked_beef_scraps":12,"minecraft:blue_bed":1,"gothic:lamb_sausage":5,"gothic:meat_cooked":5,"hmag:randomberry":3,"gothic:cheese":3,"minecraft:shears":53,"minecraft:deepslate_brick_stairs":1,"waystones:waystone":2,"farmersdelight:honey_cookie":16,"minecraft:bread":5,"paraglider:kakariko_goddess_statue":3,"minecraft:lectern":1,"croptopia:toast":16,"exoticbirds:cooked_birdmeat":4,"minecraft:cooked_rabbit":7,"blue_skies:frostbright_door":1,"minecraft:torch":14,"minecraft:dirt":13,"minecraft:iron_axe":75,"exoticbirds:pelican_egg":1,"tombstone:gift":5,"minecraft:cooked_beef":1,"minecraft:iron_leggings":1,"minecraft:cobblestone_stairs":1,"aquamirae:wisteria_niveis":1,"minecraft:baked_potato":11,"minecraft:deepslate_bricks":3,"upgrade_aquatic:driftwood_planks":7,"minecraft:mossy_cobblestone":3,"minecraft:crafting_table":5,"minecraft:white_bed":9,"oaks_decor:sand_castles":1,"minecraft:apple":15,"minecraft:iron_pickaxe":105,"luphieclutteredmod:luphie_cardboard_box_open":1,"minecraft:cobblestone":24,"exoticbirds:penguin_egg":1,"minecraft:pumpkin_pie":1,"dtterralith:black_poplar_seed":3,"minecraft:polished_blackstone_button":1,"minecraft:splash_potion":1}},"DataVersion":3120}