{"stats":{"minecraft:dropped":{"minecraft:enchanted_book":1,"minecraft:cobblestone":8,"croptopia:sweetpotato":1,"gothic:meat":4,"vampirism:amulet":2,"exoticbirds:mystery_egg":1,"bossominium:the_bossdexium":1,"paraglider:spirit_orb":2,"blue_skies:frostbright_slab":2,"minecraft:torch":1,"minecraft:cracked_deepslate_tiles":1,"croptopia:sweetpotato_seed":6,"minecraft:string":4,"minecraft:lever":1,"minecraft:iron_nugget":4,"guideapi_vp:vampirism-guidebook":1,"evilcraft:flesh_humanoid":1,"minecraft:deepslate_bricks":3,"minecraft:leather_chestplate":1,"exoticbirds:raw_birdmeat":13,"minecraft:arrow":4,"minecraft:bow":1,"minecraft:wooden_pickaxe":2,"minecraft:stone_pickaxe":1},"minecraft:mined":{"minecraft:light_blue_stained_glass_pane":1,"minecraft:white_bed":5,"minecraft:cobblestone_stairs":1,"minecraft:grass_block":4,"minecraft:deepslate_bricks":3,"minecraft:chiseled_stone_bricks":1,"gothic:ornament_part":1,"minecraft:spawner":3,"minecraft:iron_ore":1,"minecraft:stripped_spruce_log":1,"minecraft:anvil":1,"minecraft:vine":2,"minecraft:iron_bars":2,"minecraft:lantern":5,"minecraft:deepslate_brick_stairs":1,"minecraft:packed_ice":4,"minecraft:stone":6,"supplementaries:wall_lantern":1,"minecraft:spruce_slab":1,"minecraft:tripwire":3,"minecraft:podzol":1,"minecraft:smithing_table":1,"minecraft:redstone_block":1,"croptopia:sweetpotato_crop":1,"minecraft:crafting_table":1,"minecraft:torch":8,"minecraft:blast_furnace":2,"minecraft:chest":1,"minecraft:white_stained_glass_pane":1,"minecraft:cobblestone":1,"minecraft:grindstone":1,"minecraft:wall_torch":1,"gothic:innos_statue":1,"realmrpg_skeletons:bow_skeleton":1,"vampirism:totem_top":1,"paraglider:kakariko_goddess_statue":3,"minecraft:grass":8,"minecraft:cracked_deepslate_tiles":1,"minecraft:coal_ore":4,"blue_skies:frostbright_door":2,"minecraft:dirt":1,"upgrade_aquatic:driftwood_log":2,"minecraft:redstone_lamp":4},"minecraft:killed_by":{"gothic:stone_guardian":1},"minecraft:picked_up":{"croptopia:toast":22,"minecraft:crafting_table":1,"minecraft:redstone_block":1,"minecraft:anvil":1,"minecraft:leather_leggings":1,"minecraft:redstone_lamp":4,"dynamictrees:spruce_seed":1,"minecraft:smithing_table":1,"croptopia:sweetpotato_seed":6,"minecraft:wooden_pickaxe":1,"minecraft:enchanted_book":2,"blue_skies:frostbright_door":1,"minecraft:string":4,"minecraft:sticky_piston":7,"minecraft:spruce_planks":1,"minecraft:chest":1,"exoticbirds:penguin_egg":1,"minecraft:stick":19,"minecraft:raw_iron":2,"minecraft:torch":9,"paraglider:kakariko_goddess_statue":3,"vampirism:amulet":1,"minecraft:arrow":22,"upgrade_aquatic:driftwood_log":2,"minecraft:deepslate_bricks":6,"minecraft:deepslate_brick_stairs":1,"blue_skies:frostbright_slab":2,"exoticbirds:raw_birdmeat":23,"minecraft:cobblestone":11,"minecraft:cracked_deepslate_tiles":1,"minecraft:leather_chestplate":2,"minecraft:feather":10,"minecraft:andesite":4,"paraglider:spirit_orb":7,"evilcraft:flesh_humanoid":1,"minecraft:cobblestone_stairs":1,"mca:book_romance":1,"dtterralith:black_poplar_seed":3,"minecraft:blue_bed":1,"minecraft:dirt":6,"minecraft:lantern":6,"tombstone:gift":1,"minecraft:bone":18,"croptopia:sweetpotato":1,"minecraft:bow":1,"minecraft:grindstone":1,"minecraft:gray_bed":1,"minecraft:iron_sword":1,"gothic:ornament_part":1,"minecraft:sweet_berries":20,"minecraft:stripped_spruce_log":1,"minecraft:blast_furnace":2,"minecraft:white_bed":5,"minecraft:spruce_log":18,"minecraft:bundle":1,"gothic:meat":4,"waystones:waystone":2,"minecraft:lever":1,"minecraft:polished_blackstone_button":1,"exoticbirds:pelican_egg":1,"minecraft:baked_potato":15,"minecraft:coal":8},"minecraft:custom":{"minecraft:mob_kills":27,"minecraft:interact_with_crafting_table":8,"minecraft:open_barrel":18,"minecraft:interact_with_campfire":38,"minecraft:bell_ring":5,"minecraft:leave_game":2,"minecraft:time_since_death":55538,"minecraft:climb_one_cm":30090,"minecraft:sprint_one_cm":174978,"minecraft:walk_one_cm":252751,"minecraft:drop":37,"minecraft:play_time":97173,"minecraft:deaths":2,"minecraft:sneak_time":1944,"minecraft:walk_under_water_one_cm":835,"minecraft:jump":1533,"minecraft:walk_on_water_one_cm":1718,"minecraft:total_world_time":97173,"minecraft:interact_with_furnace":4,"minecraft:tune_noteblock":99,"minecraft:sleep_in_bed":2,"minecraft:time_since_rest":31144,"minecraft:waystone_activated":2,"minecraft:damage_taken":2528,"minecraft:damage_dealt":6918,"minecraft:swim_one_cm":2182,"minecraft:fly_one_cm":365086,"minecraft:player_kills":1,"minecraft:open_chest":75,"minecraft:crouch_one_cm":5367,"tombstone:undead_killed":11,"minecraft:interact_with_smoker":4,"minecraft:fall_one_cm":38213,"minecraft:inspect_dispenser":1},"minecraft:broken":{"minecraft:iron_sword":1},"minecraft:killed":{"exoticbirds:pelican":2,"grimoireofgaia:satyress":2,"alexsmobs:snow_leopard":2,"minecraft:skeleton":22,"minecraft:cat":2,"minecraft:magma_cube":4,"naturalist:bluejay":2,"alexsmobs:seal":2,"exoticbirds:penguin":2,"exoticbirds:flamingo":8,"gothic:scavenger_young":4,"exoticbirds:pigeon":2,"alexsmobs:crow":2,"gothic:npc_oldcamp_hunter":2},"minecraft:crafted":{"minecraft:redstone":9,"luphieclutteredmod:luphie_cardboard_box_open":1,"minecraft:iron_axe":1,"minecraft:stone_pickaxe":1,"upgrade_aquatic:driftwood_planks":8,"minecraft:cooked_cod":2,"minecraft:crafting_table":2,"minecraft:spruce_planks":28,"minecraft:wooden_pickaxe":1,"minecraft:spruce_door":3,"minecraft:air":0,"minecraft:stick":12,"minecraft:iron_ingot":1,"minecraft:iron_pickaxe":1},"minecraft:used":{"minecraft:iron_sword":265,"minecraft:torch":8,"minecraft:dirt":6,"exoticbirds:raw_birdmeat":6,"minecraft:lantern":5,"minecraft:iron_axe":10,"exoticbirds:pelican_egg":1,"minecraft:redstone_lamp":1,"minecraft:sweet_berries":2,"minecraft:gray_bed":1,"tombstone:gift":4,"minecraft:potato":23,"dynamictrees:spruce_seed":1,"minecraft:leather_leggings":1,"minecraft:cobblestone_stairs":1,"minecraft:spruce_door":3,"minecraft:stone_pickaxe":13,"minecraft:baked_potato":7,"minecraft:wooden_pickaxe":10,"minecraft:leather_chestplate":1,"minecraft:blue_bed":1,"minecraft:deepslate_bricks":3,"upgrade_aquatic:driftwood_planks":7,"gothic:lamb_sausage":5,"minecraft:crafting_table":3,"hmag:randomberry":3,"gothic:cheese":2,"minecraft:white_bed":2,"minecraft:deepslate_brick_stairs":1,"waystones:waystone":2,"minecraft:apple":1,"minecraft:bread":5,"minecraft:iron_pickaxe":28,"paraglider:kakariko_goddess_statue":3,"luphieclutteredmod:luphie_cardboard_box_open":1,"croptopia:toast":16,"exoticbirds:penguin_egg":1,"minecraft:pumpkin_pie":1,"dtterralith:black_poplar_seed":3,"minecraft:polished_blackstone_button":1,"blue_skies:frostbright_door":1}},"DataVersion":3120}