{"stats":{"minecraft:custom":{"minecraft:interact_with_crafting_table":35,"minecraft:open_barrel":37,"minecraft:bell_ring":5,"minecraft:leave_game":5,"minecraft:time_since_death":155668,"minecraft:damage_resisted":96,"minecraft:sprint_one_cm":894825,"minecraft:drop":264,"minecraft:play_time":406670,"minecraft:deaths":5,"minecraft:jump":6638,"minecraft:walk_on_water_one_cm":12202,"minecraft:interact_with_furnace":14,"minecraft:sleep_in_bed":22,"minecraft:waystone_activated":5,"minecraft:damage_dealt":32651,"minecraft:player_kills":3,"minecraft:crouch_one_cm":29679,"tombstone:undead_killed":84,"minecraft:interact_with_smoker":30,"minecraft:inspect_dispenser":1,"minecraft:mob_kills":164,"minecraft:interact_with_campfire":46,"minecraft:damage_dealt_resisted":22,"minecraft:climb_one_cm":31009,"minecraft:walk_one_cm":1267588,"minecraft:damage_dealt_absorbed":1578,"minecraft:sneak_time":9758,"minecraft:walk_under_water_one_cm":2942,"minecraft:boat_one_cm":12289,"minecraft:total_world_time":406670,"minecraft:tune_noteblock":99,"minecraft:time_since_rest":5688,"minecraft:damage_taken":7507,"minecraft:swim_one_cm":2182,"minecraft:fly_one_cm":1571627,"minecraft:open_chest":356,"minecraft:fall_one_cm":151253},"minecraft:broken":{"minecraft:iron_shovel":3,"minecraft:leather_leggings":1,"minecraft:iron_boots":1,"minecraft:iron_sword":3,"minecraft:iron_axe":1,"minecraft:iron_pickaxe":1},"minecraft:crafted":{"minecraft:cobblestone_slab":24,"croptopia:toast":7,"minecraft:cobblestone_stairs":20,"luphieclutteredmod:luphie_cardboard_box_open":1,"minecraft:raw_copper":27,"minecraft:cooked_rabbit":7,"sophisticatedbackpacks:backpack":2,"minecraft:cooked_porkchop":6,"minecraft:crafting_table":3,"minecraft:spruce_planks":40,"minecraft:wooden_pickaxe":1,"minecraft:baked_potato":49,"minecraft:spruce_door":3,"butchercraft:cooked_beef_scraps":12,"minecraft:stick":12,"minecraft:iron_pickaxe":2,"minecraft:iron_ingot":1,"minecraft:shears":1,"minecraft:redstone":9,"minecraft:spruce_stairs":4,"minecraft:iron_axe":3,"minecraft:stone_pickaxe":1,"minecraft:cobblestone_wall":18,"minecraft:spruce_boat":1,"minecraft:cooked_beef":2,"upgrade_aquatic:driftwood_planks":8,"sophisticatedbackpacks:iron_backpack":1,"farmersdelight:honey_cookie":16,"minecraft:cooked_cod":2,"minecraft:iron_sword":4,"minecraft:air":0,"justhammers:iron_hammer":2,"minecraft:iron_shovel":1,"exoticbirds:cooked_birdmeat":4,"minecraft:iron_leggings":1,"minecraft:torch":52},"minecraft:dropped":{"minecraft:spruce_sign":5,"minecraft:iron_sword":1,"butchercraft:beef_scraps":4,"butchercraft:leather_scrap":4,"minecraft:brown_mushroom":2,"minecraft:baked_potato":3,"vampirism:human_heart":1,"minecraft:glass_bottle":2,"gothic:cheese":2,"dynamictrees:spruce_seed":16,"minecraft:red_mushroom":4,"paraglider:spirit_orb":27,"minecraft:emerald":11,"minecraft:cobblestone_stairs":1,"minecraft:cyan_terracotta":5,"minecraft:dirt":10,"minecraft:cornflower":1,"minecraft:large_fern":3,"minecraft:cracked_deepslate_tiles":1,"croptopia:sweetpotato_seed":6,"minecraft:gold_nugget":1,"minecraft:bone_meal":10,"minecraft:iron_pickaxe":3,"minecraft:birch_log":16,"minecraft:white_wool":1,"minecraft:bone":4,"minecraft:gold_ingot":9,"minecraft:gravel":4,"minecraft:stone_axe":1,"minecraft:lever":1,"minecraft:iron_nugget":5,"tombstone:gift":2,"vampirism:holy_water_bottle_enhanced":1,"minecraft:rotten_flesh":32,"guideapi_vp:vampirism-guidebook":1,"justhammers:iron_hammer":1,"minecraft:azure_bluet":1,"minecraft:white_bed":1,"evilcraft:flesh_humanoid":2,"minecraft:carrot":17,"minecraft:poppy":6,"minecraft:rabbit_hide":6,"minecraft:leather_chestplate":1,"dtterralith:birch_pine_seed":2,"minecraft:gunpowder":1,"minecraft:beetroot_seeds":24,"minecraft:chest":11,"create:limestone":16,"minecraft:arrow":25,"dtterralith:black_poplar_seed":9,"minecraft:enchanted_book":1,"minecraft:iron_ingot":8,"minecraft:stripped_spruce_log":2,"butchercraft:pork_scraps":6,"minecraft:wheat_seeds":71,"minecraft:mossy_cobblestone":116,"minecraft:feather":6,"minecraft:cobblestone":26,"croptopia:sweetpotato":1,"minecraft:dark_oak_pressure_plate":2,"evilcraft:dark_gem":13,"gothic:meat":5,"dtterralith:dwarf_spruce_seed":3,"minecraft:spruce_stairs":8,"exoticbirds:mystery_egg":1,"vampirism:amulet":2,"bossominium:the_bossdexium":1,"minecraft:cobweb":4,"butchercraft:lamb_scraps":3,"blue_skies:frostbright_slab":6,"minecraft:black_candle":2,"minecraft:mossy_cobblestone_slab":1,"minecraft:torch":36,"minecraft:zombie_head":1,"tombstone:grave_dust":7,"minecraft:iron_leggings":2,"minecraft:dead_bush":6,"minecraft:polished_andesite_stairs":2,"minecraft:flowering_azalea":1,"minecraft:mossy_cobblestone_stairs":2,"minecraft:paper":9,"minecraft:string":72,"minecraft:redstone":129,"minecraft:spruce_sapling":5,"croptopia:glowing_calamari":1,"croptopia:yam_seed":4,"minecraft:coarse_dirt":139,"minecraft:stone_sword":1,"minecraft:cobblestone_wall":6,"minecraft:smooth_stone_slab":2,"vampirism:obi_belt":1,"farmersdelight:cabbage_seeds":2,"minecraft:raw_iron":11,"minecraft:experience_bottle":1,"minecraft:stone_shovel":2,"minecraft:light_gray_wool":1,"alexsmobs:ancient_dart":1,"sophisticatedbackpacks:backpack":1,"minecraft:stone_slab":1,"butchercraft:chicken_scraps":1,"minecraft:diamond_sword":1,"minecraft:deepslate_bricks":3,"minecraft:filled_map":1,"minecraft:spruce_planks":9,"minecraft:spruce_trapdoor":14,"minecraft:bundle":4,"minecraft:purple_bed":1,"exoticbirds:raw_birdmeat":21,"minecraft:spider_eye":2,"minecraft:stone_bricks":1,"minecraft:bamboo":1,"minecraft:bow":1,"minecraft:stone_pickaxe":1,"minecraft:wooden_pickaxe":2,"minecraft:calcite":7},"minecraft:mined":{"minecraft:spruce_planks":8,"minecraft:white_bed":13,"dtterralith:birch_pine_sapling":1,"minecraft:cobblestone_stairs":16,"minecraft:spruce_trapdoor":12,"minecraft:grass_block":314,"minecraft:deepslate_bricks":3,"minecraft:chiseled_stone_bricks":1,"minecraft:spawner":16,"minecraft:mossy_cobblestone_stairs":1,"minecraft:iron_ore":4,"minecraft:barrel":1,"minecraft:anvil":1,"minecraft:flowering_azalea_leaves":1,"minecraft:dirt_path":33,"minecraft:iron_bars":2,"minecraft:deepslate_brick_stairs":1,"minecraft:black_candle":1,"create:limestone":9,"minecraft:spruce_slab":1,"minecraft:tripwire":3,"farmersdelight:wild_potatoes":13,"oaks_decor:sand_castles":1,"minecraft:cyan_terracotta":1,"dtterralith:birch_short_conifer_leaves":4,"minecraft:smoker":2,"minecraft:torch":20,"minecraft:blast_furnace":2,"minecraft:calcite":13,"minecraft:poppy":2,"minecraft:chest":34,"minecraft:white_stained_glass_pane":1,"minecraft:cobblestone":243,"minecraft:grindstone":1,"minecraft:wall_torch":8,"minecraft:deepslate_copper_ore":5,"realmrpg_skeletons:bow_skeleton":1,"vampirism:totem_top":1,"aquamirae:wisteria_niveis":4,"paraglider:kakariko_goddess_statue":5,"minecraft:smooth_stone_slab":3,"minecraft:grass":140,"minecraft:cracked_deepslate_tiles":1,"minecraft:dirt":36,"blue_skies:frostbright_door":3,"structure_gel:dynamic_spawner":2,"minecraft:raw_copper_block":3,"minecraft:redstone_lamp":4,"minecraft:light_blue_stained_glass_pane":1,"minecraft:mossy_cobblestone":63,"minecraft:candle":2,"minecraft:gray_stained_glass_pane":1,"gothic:waterpipe":1,"minecraft:dark_oak_pressure_plate":1,"gothic:scavenger_grilled":1,"luphieclutteredmod:luphie_cardboard_box_open":1,"gothic:ornament_part":1,"blue_skies:frostbright_bookshelf":2,"minecraft:large_fern":9,"minecraft:furnace":1,"dynamictrees:oak_undergrowth_leaves":21,"minecraft:stripped_spruce_log":1,"minecraft:cobblestone_slab":10,"minecraft:vine":2,"minecraft:lantern":9,"minecraft:packed_ice":6,"minecraft:stone":69,"minecraft:white_wool":52,"supplementaries:wall_lantern":8,"minecraft:podzol":1,"minecraft:smithing_table":1,"minecraft:redstone_block":1,"minecraft:brown_stained_glass_pane":3,"minecraft:spruce_door":3,"croptopia:sweetpotato_crop":1,"minecraft:crafting_table":9,"minecraft:campfire":1,"minecraft:lectern":1,"gothic:scavenger_eggs":1,"minecraft:tall_grass":98,"oaks_decor:sand_castle":4,"minecraft:blue_bed":3,"gothic:innos_statue":1,"minecraft:spruce_stairs":12,"minecraft:purple_bed":4,"minecraft:coarse_dirt":501,"blue_skies:frostbright_chest":1,"minecraft:cobblestone_wall":22,"minecraft:sweet_berry_bush":1,"minecraft:spruce_log":201,"dtterralith:oak_twiglet_leaves":2,"minecraft:coal_ore":4,"vampirism:fire_place":1,"minecraft:zombie_head":1,"minecraft:gravel":2,"minecraft:cobweb":63,"upgrade_aquatic:driftwood_log":2,"minecraft:stone_bricks":1,"minecraft:polished_andesite":4,"minecraft:fern":30},"minecraft:killed":{"minecraft:cave_spider":10,"minecraft:spider":16,"alexsmobs:snow_leopard":6,"grimoireofgaia:minotaurus":2,"minecraft:skeleton":68,"minecraft:chicken":2,"vampirism:advanced_hunter":2,"gothic:molerat":2,"minecraft:cat":2,"minecraft:magma_cube":4,"sleep_tight:bedbug":2,"minecraft:pig":4,"alexsmobs:seal":2,"minecraft:creeper":2,"vampirism:hunter":2,"exoticbirds:penguin":4,"minecraft:sheep":4,"gothic:scavenger":4,"minecraft:zombie":90,"grimoireofgaia:harpy":2,"alexsmobs:fly":4,"minecraft:cow":8,"gothic:npc_oldcamp_hunter":2,"exoticbirds:pelican":2,"grimoireofgaia:satyress":2,"grimoireofgaia:centaur":2,"minecraft:horse":10,"hmag:zombie_girl":10,"naturalist:bluejay":2,"exoticbirds:flamingo":8,"gothic:scavenger_young":6,"gothic:ice_wolf":2,"exoticbirds:pigeon":6,"alexsmobs:crow":4,"minecraft:player":1},"minecraft:picked_up":{"minecraft:redstone_block":1,"minecraft:anvil":1,"minecraft:stone_slab":1,"minecraft:smithing_table":1,"minecraft:diamond_sword":2,"minecraft:oak_stairs":1,"minecraft:potion":1,"minecraft:enchanted_book":18,"butchercraft:pork_scraps":6,"domesticationinnovation:pet_bed_purple":2,"minecraft:dark_oak_pressure_plate":2,"minecraft:string":136,"minecraft:raw_copper":24,"create:limestone":16,"minecraft:smooth_stone_slab":7,"minecraft:iron_leggings":4,"minecraft:sticky_piston":7,"minecraft:experience_bottle":1,"minecraft:zombie_head":1,"minecraft:gold_nugget":3,"minecraft:bucket":2,"minecraft:spruce_planks":9,"minecraft:cobblestone_slab":14,"minecraft:calcite":15,"dynamictrees:oak_seed":11,"minecraft:iron_pickaxe":1,"minecraft:iron_boots":1,"minecraft:furnace":1,"minecraft:stick":208,"minecraft:torch":54,"minecraft:spruce_stairs":19,"paraglider:kakariko_goddess_statue":5,"oaks_decor:throwable_pebble":2,"vampirism:holy_water_bottle_enhanced":1,"tombstone:grave_dust":18,"vampirism:amulet":3,"minecraft:stone_sword":1,"minecraft:rotten_flesh":78,"minecraft:cyan_terracotta":5,"minecraft:deepslate_brick_stairs":1,"blue_skies:frostbright_slab":14,"minecraft:snowball":1,"minecraft:cobblestone":619,"minecraft:birch_log":18,"minecraft:mossy_cobblestone_slab":1,"minecraft:leather_chestplate":2,"minecraft:feather":26,"minecraft:andesite":9,"dtterralith:dwarf_pine_seed":1,"minecraft:smoker":2,"minecraft:potato":16,"paraglider:spirit_orb":52,"evilcraft:flesh_humanoid":3,"minecraft:lapis_lazuli":3,"minecraft:dirt":482,"minecraft:lantern":23,"minecraft:name_tag":3,"minecraft:bone":122,"blue_skies:frostbright_chest":1,"croptopia:sweetpotato":1,"minecraft:bow":1,"minecraft:wheat_seeds":76,"aquamirae:wisteria_niveis":4,"minecraft:grindstone":1,"gothic:ornament_part":1,"dtterralith:birch_pine_seed":3,"hmag:soul_powder":7,"gothic:meat_cooked":2,"minecraft:stripped_spruce_log":4,"minecraft:dead_bush":6,"dtterralith:dwarf_spruce_seed":3,"minecraft:mossy_cobblestone":120,"minecraft:barrel":3,"alexsmobs:animal_dictionary":1,"minecraft:bundle":4,"minecraft:iron_hoe":1,"luphieclutteredmod:luphie_cardboard_box_open":1,"minecraft:diamond":1,"minecraft:spruce_boat":1,"minecraft:soul_lantern":2,"minecraft:lever":1,"waystones:waystone":3,"minecraft:polished_blackstone_button":1,"gothic:scavenger_egg":2,"minecraft:bone_meal":10,"minecraft:golden_apple":3,"minecraft:spruce_sign":8,"minecraft:emerald":7,"minecraft:bread":8,"minecraft:light_gray_carpet":2,"atlantis:aquamarine_gem":2,"croptopia:toast":22,"minecraft:charcoal":2,"minecraft:coarse_dirt":523,"minecraft:crafting_table":8,"minecraft:azure_bluet":1,"croptopia:sweetpotato_seed":8,"minecraft:redstone_lamp":4,"minecraft:leather_leggings":1,"minecraft:brown_mushroom":2,"dynamictrees:spruce_seed":21,"minecraft:wooden_pickaxe":1,"minecraft:gold_block":3,"blue_skies:frostbright_door":5,"gothic:waterpipe":2,"minecraft:cornflower":1,"minecraft:large_fern":2,"minecraft:iron_shovel":6,"minecraft:candle":15,"minecraft:iron_nugget":2,"minecraft:poppy":9,"minecraft:light_gray_wool":1,"minecraft:minecart":2,"minecraft:lectern":1,"blue_skies:frostbright_stairs":15,"minecraft:chest":32,"minecraft:spruce_trapdoor":14,"minecraft:raw_copper_block":3,"exoticbirds:penguin_egg":6,"minecraft:raw_iron":14,"minecraft:carrot":32,"minecraft:redstone":65,"croptopia:yam_seed":4,"butchercraft:chicken_scraps":1,"minecraft:arrow":46,"minecraft:stone_shovel":2,"minecraft:beetroot_seeds":24,"upgrade_aquatic:driftwood_log":2,"minecraft:deepslate_bricks":6,"minecraft:saddle":4,"minecraft:gold_ingot":10,"butchercraft:beef_scraps":7,"exoticbirds:raw_birdmeat":30,"minecraft:white_wool":107,"minecraft:oxeye_daisy":2,"minecraft:cracked_deepslate_tiles":1,"minecraft:leather":9,"croptopia:glowing_calamari":1,"blue_skies:frostbright_planks":6,"minecraft:red_mushroom":4,"minecraft:filled_map":1,"minecraft:cobblestone_wall":45,"oaks_decor:sand_castles":5,"minecraft:cobblestone_stairs":18,"minecraft:gunpowder":1,"minecraft:paper":18,"mca:book_romance":2,"minecraft:blue_bed":4,"dtterralith:black_poplar_seed":12,"tombstone:gift":3,"vampirism:human_heart":1,"minecraft:apple":12,"minecraft:stone_bricks":1,"minecraft:rabbit_hide":3,"minecraft:iron_ingot":2,"minecraft:cobweb":4,"minecraft:gray_bed":1,"minecraft:iron_sword":12,"minecraft:flowering_azalea":1,"minecraft:book":7,"minecraft:polished_andesite_stairs":2,"minecraft:black_candle":2,"minecraft:sweet_berries":31,"vampirism:fire_place":1,"minecraft:dandelion":5,"blue_skies:frostbright_trapdoor":3,"gothic:cheese":1,"minecraft:gravel":4,"minecraft:blast_furnace":2,"minecraft:white_bed":14,"minecraft:spruce_log":333,"minecraft:spruce_door":3,"minecraft:spider_eye":5,"butchercraft:leather_scrap":9,"gothic:meat":11,"minecraft:purple_bed":5,"minecraft:stone_axe":1,"evilcraft:dark_gem":13,"minecraft:iron_helmet":1,"butchercraft:lamb_scraps":3,"minecraft:mossy_cobblestone_stairs":4,"exoticbirds:pelican_egg":1,"minecraft:baked_potato":25,"blue_skies:frostbright_ladder":4,"minecraft:coal":42},"minecraft:used":{"minecraft:iron_shovel":890,"minecraft:poppy":1,"minecraft:chest":12,"minecraft:iron_sword":777,"minecraft:mutton":1,"gothic:waterpipe":1,"minecraft:snowball":1,"minecraft:milk_bucket":2,"minecraft:spruce_boat":1,"exoticbirds:raw_birdmeat":8,"minecraft:lantern":16,"minecraft:redstone_lamp":1,"minecraft:sweet_berries":3,"minecraft:cooked_cod":2,"minecraft:gray_bed":1,"minecraft:potato":24,"dynamictrees:spruce_seed":1,"minecraft:leather_leggings":1,"minecraft:spruce_door":5,"minecraft:stone_pickaxe":13,"minecraft:wooden_pickaxe":10,"minecraft:leather_chestplate":1,"butchercraft:cooked_beef_scraps":12,"minecraft:blue_bed":4,"gothic:lamb_sausage":5,"gothic:meat_cooked":5,"hmag:randomberry":3,"gothic:cheese":3,"minecraft:shears":53,"minecraft:deepslate_brick_stairs":1,"waystones:waystone":3,"farmersdelight:honey_cookie":16,"minecraft:bread":13,"minecraft:lectern":1,"paraglider:kakariko_goddess_statue":4,"minecraft:soul_lantern":2,"exoticbirds:cooked_birdmeat":4,"croptopia:toast":29,"minecraft:diamond_sword":130,"minecraft:cooked_rabbit":7,"minecraft:coarse_dirt":384,"blue_skies:frostbright_door":1,"dtterralith:birch_pine_seed":1,"minecraft:torch":44,"minecraft:dirt":331,"minecraft:spruce_stairs":10,"minecraft:cobblestone_wall":35,"minecraft:iron_axe":466,"exoticbirds:pelican_egg":1,"tombstone:gift":5,"minecraft:cooked_beef":1,"minecraft:iron_leggings":1,"minecraft:cobblestone_stairs":25,"minecraft:baked_potato":37,"aquamirae:wisteria_niveis":1,"minecraft:cobblestone_slab":37,"minecraft:deepslate_bricks":3,"upgrade_aquatic:driftwood_planks":7,"minecraft:mossy_cobblestone":4,"minecraft:crafting_table":8,"minecraft:white_bed":11,"oaks_decor:sand_castles":1,"minecraft:spruce_log":67,"justhammers:iron_hammer":146,"minecraft:apple":30,"minecraft:iron_pickaxe":536,"luphieclutteredmod:luphie_cardboard_box_open":1,"minecraft:cobblestone":296,"minecraft:purple_bed":3,"exoticbirds:penguin_egg":1,"minecraft:cooked_porkchop":6,"minecraft:pumpkin_pie":1,"dtterralith:black_poplar_seed":3,"minecraft:polished_blackstone_button":1,"minecraft:splash_potion":1},"minecraft:killed_by":{"minecraft:cave_spider":1,"minecraft:vex":1,"gothic:stone_guardian":1,"minecraft:skeleton":1}},"DataVersion":3120}