{"stats":{"minecraft:killed_by":{"gothic:stone_guardian":1},"minecraft:killed":{"minecraft:cat":2,"minecraft:magma_cube":4,"grimoireofgaia:satyress":2,"naturalist:bluejay":2,"alexsmobs:seal":2,"minecraft:skeleton":22,"exoticbirds:flamingo":8,"gothic:scavenger_young":2,"exoticbirds:pigeon":2,"alexsmobs:crow":2},"minecraft:mined":{"minecraft:podzol":1,"minecraft:smithing_table":1,"minecraft:light_blue_stained_glass_pane":1,"minecraft:redstone_block":1,"minecraft:white_bed":3,"minecraft:cobblestone_stairs":1,"minecraft:crafting_table":1,"minecraft:torch":8,"minecraft:blast_furnace":2,"minecraft:grass_block":4,"minecraft:chest":1,"minecraft:white_stained_glass_pane":1,"minecraft:deepslate_bricks":3,"minecraft:cobblestone":1,"minecraft:grindstone":1,"minecraft:wall_torch":1,"minecraft:chiseled_stone_bricks":1,"gothic:ornament_part":1,"minecraft:spawner":3,"gothic:innos_statue":1,"realmrpg_skeletons:bow_skeleton":1,"minecraft:iron_ore":1,"paraglider:kakariko_goddess_statue":3,"minecraft:stripped_spruce_log":1,"minecraft:anvil":1,"minecraft:grass":1,"minecraft:cracked_deepslate_tiles":1,"minecraft:vine":2,"minecraft:lantern":1,"minecraft:dirt":1,"minecraft:deepslate_brick_stairs":1,"minecraft:packed_ice":4,"upgrade_aquatic:driftwood_log":2,"minecraft:stone":6,"minecraft:spruce_slab":1,"minecraft:tripwire":3,"minecraft:redstone_lamp":4},"minecraft:crafted":{"minecraft:redstone":9,"minecraft:crafting_table":2,"minecraft:spruce_planks":16,"minecraft:wooden_pickaxe":1,"minecraft:stick":12,"minecraft:iron_pickaxe":1,"minecraft:stone_pickaxe":1,"upgrade_aquatic:driftwood_planks":8},"minecraft:picked_up":{"croptopia:toast":10,"minecraft:crafting_table":1,"minecraft:leather_chestplate":2,"minecraft:feather":8,"minecraft:redstone_block":1,"minecraft:anvil":1,"minecraft:redstone_lamp":4,"minecraft:leather_leggings":1,"minecraft:smithing_table":1,"minecraft:wooden_pickaxe":1,"minecraft:enchanted_book":1,"paraglider:spirit_orb":6,"evilcraft:flesh_humanoid":1,"minecraft:cobblestone_stairs":1,"minecraft:string":4,"minecraft:dirt":6,"minecraft:lantern":1,"tombstone:gift":1,"minecraft:bone":18,"minecraft:bow":1,"minecraft:grindstone":1,"minecraft:chest":1,"minecraft:iron_sword":1,"gothic:ornament_part":1,"minecraft:raw_iron":1,"minecraft:torch":8,"paraglider:kakariko_goddess_statue":3,"minecraft:stripped_spruce_log":1,"minecraft:blast_furnace":2,"vampirism:amulet":1,"minecraft:white_bed":3,"minecraft:bundle":1,"minecraft:arrow":22,"minecraft:lever":1,"waystones:waystone":2,"upgrade_aquatic:driftwood_log":2,"minecraft:deepslate_bricks":6,"minecraft:baked_potato":7,"minecraft:deepslate_brick_stairs":1,"exoticbirds:raw_birdmeat":10,"minecraft:cobblestone":3,"minecraft:cracked_deepslate_tiles":1},"minecraft:used":{"minecraft:leather_leggings":1,"minecraft:cobblestone_stairs":1,"minecraft:stone_pickaxe":13,"minecraft:baked_potato":7,"minecraft:leather_chestplate":1,"minecraft:wooden_pickaxe":10,"minecraft:iron_sword":238,"minecraft:deepslate_bricks":3,"minecraft:torch":7,"upgrade_aquatic:driftwood_planks":7,"minecraft:dirt":6,"minecraft:crafting_table":3,"minecraft:deepslate_brick_stairs":1,"waystones:waystone":2,"exoticbirds:raw_birdmeat":6,"minecraft:apple":1,"minecraft:lantern":1,"minecraft:bread":3,"minecraft:iron_pickaxe":16,"paraglider:kakariko_goddess_statue":1,"croptopia:toast":7,"minecraft:redstone_lamp":1,"tombstone:gift":4,"minecraft:pumpkin_pie":1,"minecraft:potato":22},"minecraft:broken":{"minecraft:iron_sword":1},"minecraft:custom":{"minecraft:mob_kills":23,"minecraft:tune_noteblock":99,"minecraft:interact_with_crafting_table":5,"minecraft:interact_with_campfire":18,"minecraft:bell_ring":5,"minecraft:leave_game":2,"minecraft:time_since_death":8308,"minecraft:sleep_in_bed":1,"minecraft:climb_one_cm":26638,"minecraft:time_since_rest":8043,"minecraft:waystone_activated":2,"minecraft:sprint_one_cm":85609,"minecraft:damage_taken":1723,"minecraft:walk_one_cm":150154,"minecraft:drop":21,"minecraft:damage_dealt":5809,"minecraft:swim_one_cm":2182,"minecraft:player_kills":1,"minecraft:fly_one_cm":182855,"minecraft:open_chest":29,"minecraft:crouch_one_cm":4147,"minecraft:play_time":49943,"tombstone:undead_killed":11,"minecraft:deaths":2,"minecraft:sneak_time":1794,"minecraft:walk_under_water_one_cm":835,"minecraft:jump":850,"minecraft:walk_on_water_one_cm":1328,"minecraft:total_world_time":49943,"minecraft:fall_one_cm":21129,"minecraft:inspect_dispenser":1},"minecraft:dropped":{"minecraft:lever":1,"minecraft:iron_nugget":4,"guideapi_vp:vampirism-guidebook":1,"evilcraft:flesh_humanoid":1,"vampirism:amulet":2,"exoticbirds:mystery_egg":1,"bossominium:the_bossdexium":1,"paraglider:spirit_orb":1,"minecraft:deepslate_bricks":3,"minecraft:leather_chestplate":1,"minecraft:cracked_deepslate_tiles":1,"exoticbirds:raw_birdmeat":4,"minecraft:arrow":4,"minecraft:bow":1,"minecraft:stone_pickaxe":1,"minecraft:wooden_pickaxe":2,"minecraft:string":4}},"DataVersion":3120}