{"stats":{"minecraft:dropped":{"minecraft:enchanted_book":1,"minecraft:iron_sword":1,"butchercraft:beef_scraps":4,"butchercraft:leather_scrap":4,"minecraft:wheat_seeds":36,"butchercraft:pork_scraps":6,"minecraft:glass_bottle":2,"minecraft:feather":1,"minecraft:cobblestone":10,"croptopia:sweetpotato":1,"gothic:cheese":1,"gothic:meat":4,"vampirism:amulet":2,"exoticbirds:mystery_egg":1,"bossominium:the_bossdexium":1,"paraglider:spirit_orb":2,"minecraft:emerald":5,"butchercraft:lamb_scraps":3,"blue_skies:frostbright_slab":6,"minecraft:torch":1,"minecraft:cracked_deepslate_tiles":1,"croptopia:sweetpotato_seed":6,"minecraft:flowering_azalea":1,"minecraft:iron_pickaxe":1,"minecraft:paper":9,"minecraft:string":8,"minecraft:white_wool":1,"minecraft:redstone":128,"minecraft:lever":1,"minecraft:iron_nugget":4,"minecraft:light_gray_wool":1,"sophisticatedbackpacks:backpack":1,"guideapi_vp:vampirism-guidebook":1,"minecraft:white_bed":1,"evilcraft:flesh_humanoid":1,"minecraft:deepslate_bricks":3,"minecraft:rabbit_hide":6,"minecraft:leather_chestplate":1,"minecraft:bundle":3,"exoticbirds:raw_birdmeat":17,"minecraft:arrow":4,"minecraft:bow":1,"minecraft:stone_pickaxe":1,"minecraft:wooden_pickaxe":2},"minecraft:mined":{"minecraft:light_blue_stained_glass_pane":1,"minecraft:white_bed":10,"minecraft:cobblestone_stairs":1,"minecraft:gray_stained_glass_pane":1,"gothic:waterpipe":1,"minecraft:grass_block":5,"gothic:scavenger_grilled":1,"minecraft:deepslate_bricks":3,"minecraft:chiseled_stone_bricks":1,"minecraft:spawner":4,"gothic:ornament_part":1,"minecraft:iron_ore":1,"minecraft:stripped_spruce_log":1,"minecraft:anvil":1,"minecraft:flowering_azalea_leaves":1,"minecraft:vine":2,"minecraft:iron_bars":2,"minecraft:lantern":9,"minecraft:packed_ice":6,"minecraft:deepslate_brick_stairs":1,"minecraft:white_wool":28,"minecraft:stone":6,"supplementaries:wall_lantern":7,"minecraft:spruce_slab":1,"minecraft:tripwire":3,"farmersdelight:wild_potatoes":13,"minecraft:podzol":1,"minecraft:smithing_table":1,"oaks_decor:sand_castles":1,"minecraft:redstone_block":1,"minecraft:spruce_door":3,"croptopia:sweetpotato_crop":1,"minecraft:torch":8,"minecraft:crafting_table":2,"minecraft:blast_furnace":2,"minecraft:chest":2,"minecraft:white_stained_glass_pane":1,"gothic:scavenger_eggs":1,"minecraft:tall_grass":12,"minecraft:cobblestone":13,"oaks_decor:sand_castle":4,"minecraft:grindstone":1,"minecraft:wall_torch":1,"gothic:innos_statue":1,"realmrpg_skeletons:bow_skeleton":1,"vampirism:totem_top":1,"aquamirae:wisteria_niveis":4,"paraglider:kakariko_goddess_statue":3,"minecraft:cracked_deepslate_tiles":1,"minecraft:grass":15,"minecraft:coal_ore":4,"minecraft:dirt":1,"blue_skies:frostbright_door":3,"minecraft:cobweb":19,"upgrade_aquatic:driftwood_log":2,"minecraft:redstone_lamp":4,"minecraft:fern":2},"minecraft:killed_by":{"gothic:stone_guardian":1,"minecraft:cave_spider":1},"minecraft:picked_up":{"minecraft:crafting_table":2,"minecraft:redstone_block":1,"minecraft:anvil":1,"croptopia:sweetpotato_seed":6,"minecraft:redstone_lamp":4,"minecraft:leather_leggings":1,"minecraft:smithing_table":1,"dynamictrees:spruce_seed":1,"minecraft:wooden_pickaxe":1,"minecraft:enchanted_book":2,"butchercraft:pork_scraps":6,"blue_skies:frostbright_door":1,"gothic:waterpipe":1,"minecraft:string":29,"minecraft:sticky_piston":7,"minecraft:gold_nugget":1,"minecraft:spruce_planks":1,"minecraft:light_gray_wool":1,"minecraft:chest":2,"exoticbirds:penguin_egg":4,"minecraft:stick":20,"minecraft:raw_iron":2,"minecraft:torch":10,"paraglider:kakariko_goddess_statue":3,"vampirism:amulet":1,"minecraft:redstone":64,"minecraft:arrow":22,"minecraft:rotten_flesh":4,"upgrade_aquatic:driftwood_log":2,"minecraft:deepslate_bricks":6,"butchercraft:beef_scraps":7,"minecraft:deepslate_brick_stairs":1,"minecraft:snowball":1,"blue_skies:frostbright_slab":6,"exoticbirds:raw_birdmeat":27,"minecraft:white_wool":23,"minecraft:cobblestone":24,"minecraft:cracked_deepslate_tiles":1,"minecraft:leather_chestplate":2,"minecraft:feather":11,"minecraft:andesite":4,"minecraft:leather":4,"minecraft:potato":13,"paraglider:spirit_orb":9,"evilcraft:flesh_humanoid":1,"oaks_decor:sand_castles":5,"minecraft:cobblestone_stairs":1,"mca:book_romance":1,"minecraft:dirt":10,"minecraft:blue_bed":1,"dtterralith:black_poplar_seed":3,"minecraft:lantern":16,"tombstone:gift":1,"minecraft:bone":18,"croptopia:sweetpotato":1,"minecraft:bow":1,"minecraft:wheat_seeds":20,"aquamirae:wisteria_niveis":4,"minecraft:rabbit_hide":3,"minecraft:cobweb":2,"minecraft:grindstone":1,"minecraft:gray_bed":1,"minecraft:iron_sword":1,"minecraft:flowering_azalea":1,"gothic:ornament_part":1,"minecraft:sweet_berries":20,"gothic:meat_cooked":2,"minecraft:stripped_spruce_log":1,"minecraft:blast_furnace":2,"minecraft:white_bed":10,"minecraft:spruce_log":18,"minecraft:spruce_door":2,"minecraft:spider_eye":2,"minecraft:bundle":3,"butchercraft:leather_scrap":4,"gothic:meat":8,"minecraft:lever":1,"waystones:waystone":2,"minecraft:polished_blackstone_button":1,"gothic:scavenger_egg":2,"butchercraft:lamb_scraps":3,"exoticbirds:pelican_egg":1,"minecraft:baked_potato":15,"minecraft:coal":8,"croptopia:toast":22},"minecraft:custom":{"minecraft:mob_kills":61,"minecraft:interact_with_crafting_table":14,"minecraft:open_barrel":22,"minecraft:interact_with_campfire":38,"minecraft:bell_ring":5,"minecraft:leave_game":4,"minecraft:time_since_death":6366,"minecraft:damage_resisted":96,"minecraft:climb_one_cm":30853,"minecraft:sprint_one_cm":409984,"minecraft:walk_one_cm":504825,"minecraft:drop":83,"minecraft:damage_dealt_absorbed":433,"minecraft:play_time":191818,"minecraft:sneak_time":3789,"minecraft:deaths":3,"minecraft:walk_under_water_one_cm":2523,"minecraft:jump":3267,"minecraft:walk_on_water_one_cm":7214,"minecraft:total_world_time":191818,"minecraft:interact_with_furnace":9,"minecraft:tune_noteblock":99,"minecraft:sleep_in_bed":9,"minecraft:time_since_rest":5711,"minecraft:waystone_activated":2,"minecraft:damage_taken":3602,"minecraft:damage_dealt":12630,"minecraft:player_kills":1,"minecraft:swim_one_cm":2182,"minecraft:fly_one_cm":888741,"minecraft:crouch_one_cm":11248,"minecraft:open_chest":127,"tombstone:undead_killed":12,"minecraft:interact_with_smoker":10,"minecraft:fall_one_cm":85669,"minecraft:inspect_dispenser":1},"minecraft:broken":{"minecraft:leather_leggings":1,"minecraft:iron_sword":1},"minecraft:crafted":{"minecraft:redstone":9,"luphieclutteredmod:luphie_cardboard_box_open":1,"minecraft:iron_axe":1,"minecraft:stone_pickaxe":1,"minecraft:spruce_boat":1,"minecraft:cooked_rabbit":7,"upgrade_aquatic:driftwood_planks":8,"minecraft:cooked_beef":2,"farmersdelight:honey_cookie":16,"minecraft:cooked_cod":2,"sophisticatedbackpacks:backpack":2,"minecraft:cooked_porkchop":6,"minecraft:crafting_table":3,"minecraft:spruce_planks":40,"minecraft:baked_potato":5,"minecraft:wooden_pickaxe":1,"minecraft:spruce_door":3,"minecraft:air":0,"butchercraft:cooked_beef_scraps":12,"minecraft:stick":12,"minecraft:iron_ingot":1,"minecraft:iron_pickaxe":1,"exoticbirds:cooked_birdmeat":4,"minecraft:iron_leggings":1,"minecraft:shears":1},"minecraft:killed":{"gothic:npc_oldcamp_hunter":2,"minecraft:cave_spider":10,"exoticbirds:pelican":2,"grimoireofgaia:satyress":2,"minecraft:spider":2,"alexsmobs:snow_leopard":4,"grimoireofgaia:minotaurus":2,"minecraft:skeleton":22,"minecraft:horse":10,"gothic:molerat":2,"minecraft:cat":2,"minecraft:magma_cube":4,"minecraft:pig":4,"naturalist:bluejay":2,"alexsmobs:seal":2,"exoticbirds:penguin":4,"minecraft:sheep":4,"gothic:scavenger":4,"exoticbirds:flamingo":8,"gothic:scavenger_young":6,"minecraft:zombie":2,"exoticbirds:pigeon":6,"alexsmobs:crow":4,"minecraft:cow":8},"minecraft:used":{"minecraft:iron_sword":452,"minecraft:torch":8,"minecraft:dirt":10,"minecraft:mutton":1,"minecraft:snowball":1,"minecraft:milk_bucket":2,"exoticbirds:raw_birdmeat":6,"minecraft:lantern":16,"minecraft:iron_axe":17,"exoticbirds:pelican_egg":1,"minecraft:redstone_lamp":1,"minecraft:sweet_berries":2,"minecraft:cooked_cod":2,"minecraft:gray_bed":1,"tombstone:gift":4,"minecraft:potato":23,"minecraft:cooked_beef":1,"minecraft:iron_leggings":1,"dynamictrees:spruce_seed":1,"minecraft:leather_leggings":1,"minecraft:cobblestone_stairs":1,"minecraft:spruce_door":5,"minecraft:baked_potato":7,"minecraft:stone_pickaxe":13,"aquamirae:wisteria_niveis":1,"minecraft:wooden_pickaxe":10,"minecraft:blue_bed":1,"minecraft:leather_chestplate":1,"minecraft:deepslate_bricks":3,"upgrade_aquatic:driftwood_planks":7,"gothic:meat_cooked":5,"gothic:lamb_sausage":5,"minecraft:crafting_table":4,"hmag:randomberry":3,"gothic:cheese":3,"minecraft:white_bed":7,"oaks_decor:sand_castles":1,"minecraft:shears":29,"minecraft:deepslate_brick_stairs":1,"waystones:waystone":2,"farmersdelight:honey_cookie":16,"minecraft:apple":15,"minecraft:bread":5,"minecraft:iron_pickaxe":52,"minecraft:lectern":1,"paraglider:kakariko_goddess_statue":3,"luphieclutteredmod:luphie_cardboard_box_open":1,"exoticbirds:cooked_birdmeat":4,"croptopia:toast":16,"minecraft:cobblestone":8,"exoticbirds:penguin_egg":1,"minecraft:cooked_rabbit":5,"minecraft:pumpkin_pie":1,"dtterralith:black_poplar_seed":3,"minecraft:polished_blackstone_button":1,"blue_skies:frostbright_door":1}},"DataVersion":3120}