{"stats":{"minecraft:dropped":{"minecraft:enchanted_book":1,"butchercraft:leather_scrap":2,"minecraft:wheat_seeds":1,"minecraft:glass_bottle":2,"minecraft:cobblestone":8,"croptopia:sweetpotato":1,"gothic:cheese":1,"gothic:meat":4,"vampirism:amulet":2,"exoticbirds:mystery_egg":1,"bossominium:the_bossdexium":1,"paraglider:spirit_orb":2,"blue_skies:frostbright_slab":6,"minecraft:torch":1,"minecraft:cracked_deepslate_tiles":1,"croptopia:sweetpotato_seed":6,"minecraft:paper":9,"minecraft:string":4,"minecraft:lever":1,"minecraft:iron_nugget":4,"guideapi_vp:vampirism-guidebook":1,"evilcraft:flesh_humanoid":1,"minecraft:deepslate_bricks":3,"minecraft:leather_chestplate":1,"exoticbirds:raw_birdmeat":17,"minecraft:arrow":4,"minecraft:bow":1,"minecraft:wooden_pickaxe":2,"minecraft:stone_pickaxe":1},"minecraft:mined":{"minecraft:light_blue_stained_glass_pane":1,"minecraft:white_bed":9,"minecraft:cobblestone_stairs":1,"minecraft:gray_stained_glass_pane":1,"gothic:waterpipe":1,"minecraft:grass_block":4,"gothic:scavenger_grilled":1,"minecraft:deepslate_bricks":3,"minecraft:chiseled_stone_bricks":1,"gothic:ornament_part":1,"minecraft:spawner":3,"minecraft:iron_ore":1,"minecraft:stripped_spruce_log":1,"minecraft:anvil":1,"minecraft:flowering_azalea_leaves":1,"minecraft:vine":2,"minecraft:iron_bars":2,"minecraft:lantern":9,"minecraft:deepslate_brick_stairs":1,"minecraft:packed_ice":5,"minecraft:stone":6,"supplementaries:wall_lantern":7,"minecraft:spruce_slab":1,"minecraft:tripwire":3,"minecraft:podzol":1,"minecraft:smithing_table":1,"oaks_decor:sand_castles":1,"minecraft:redstone_block":1,"minecraft:spruce_door":3,"croptopia:sweetpotato_crop":1,"minecraft:crafting_table":2,"minecraft:torch":8,"minecraft:blast_furnace":2,"minecraft:chest":1,"minecraft:white_stained_glass_pane":1,"gothic:scavenger_eggs":1,"minecraft:tall_grass":10,"minecraft:cobblestone":1,"oaks_decor:sand_castle":4,"minecraft:grindstone":1,"minecraft:wall_torch":1,"gothic:innos_statue":1,"realmrpg_skeletons:bow_skeleton":1,"vampirism:totem_top":1,"aquamirae:wisteria_niveis":4,"paraglider:kakariko_goddess_statue":3,"minecraft:grass":13,"minecraft:cracked_deepslate_tiles":1,"minecraft:coal_ore":4,"blue_skies:frostbright_door":3,"minecraft:dirt":1,"upgrade_aquatic:driftwood_log":2,"minecraft:redstone_lamp":4},"minecraft:killed_by":{"gothic:stone_guardian":1},"minecraft:picked_up":{"minecraft:crafting_table":2,"minecraft:redstone_block":1,"minecraft:anvil":1,"croptopia:sweetpotato_seed":6,"minecraft:redstone_lamp":4,"minecraft:leather_leggings":1,"minecraft:smithing_table":1,"dynamictrees:spruce_seed":1,"minecraft:wooden_pickaxe":1,"minecraft:enchanted_book":2,"butchercraft:pork_scraps":6,"blue_skies:frostbright_door":1,"gothic:waterpipe":1,"minecraft:string":4,"minecraft:sticky_piston":7,"minecraft:gold_nugget":1,"minecraft:spruce_planks":1,"minecraft:light_gray_wool":1,"minecraft:chest":1,"exoticbirds:penguin_egg":1,"minecraft:stick":20,"minecraft:raw_iron":2,"minecraft:torch":9,"paraglider:kakariko_goddess_statue":3,"vampirism:amulet":1,"minecraft:rotten_flesh":2,"minecraft:arrow":22,"upgrade_aquatic:driftwood_log":2,"minecraft:deepslate_bricks":6,"butchercraft:beef_scraps":7,"minecraft:snowball":1,"minecraft:deepslate_brick_stairs":1,"blue_skies:frostbright_slab":6,"exoticbirds:raw_birdmeat":24,"minecraft:white_wool":1,"minecraft:cobblestone":11,"minecraft:cracked_deepslate_tiles":1,"minecraft:feather":10,"minecraft:leather_chestplate":2,"minecraft:andesite":4,"minecraft:leather":4,"paraglider:spirit_orb":7,"evilcraft:flesh_humanoid":1,"oaks_decor:sand_castles":5,"minecraft:cobblestone_stairs":1,"mca:book_romance":1,"dtterralith:black_poplar_seed":3,"minecraft:dirt":6,"minecraft:blue_bed":1,"minecraft:lantern":16,"tombstone:gift":1,"minecraft:bone":18,"croptopia:sweetpotato":1,"minecraft:bow":1,"minecraft:wheat_seeds":4,"aquamirae:wisteria_niveis":4,"minecraft:grindstone":1,"minecraft:flowering_azalea":1,"minecraft:gray_bed":1,"minecraft:iron_sword":1,"gothic:ornament_part":1,"minecraft:sweet_berries":20,"gothic:meat_cooked":2,"minecraft:stripped_spruce_log":1,"minecraft:blast_furnace":2,"minecraft:white_bed":9,"minecraft:spruce_log":18,"minecraft:spruce_door":2,"minecraft:bundle":1,"butchercraft:leather_scrap":4,"gothic:meat":8,"waystones:waystone":2,"minecraft:lever":1,"minecraft:polished_blackstone_button":1,"gothic:scavenger_egg":2,"butchercraft:lamb_scraps":3,"exoticbirds:pelican_egg":1,"minecraft:baked_potato":15,"minecraft:coal":8,"croptopia:toast":22},"minecraft:custom":{"minecraft:mob_kills":53,"minecraft:interact_with_crafting_table":10,"minecraft:open_barrel":18,"minecraft:interact_with_campfire":38,"minecraft:bell_ring":5,"minecraft:leave_game":2,"minecraft:time_since_death":96968,"minecraft:climb_one_cm":30717,"minecraft:sprint_one_cm":296649,"minecraft:walk_one_cm":381999,"minecraft:drop":47,"minecraft:damage_dealt_absorbed":433,"minecraft:play_time":138603,"minecraft:deaths":2,"minecraft:sneak_time":1996,"minecraft:walk_under_water_one_cm":1456,"minecraft:jump":2389,"minecraft:walk_on_water_one_cm":5170,"minecraft:total_world_time":138603,"minecraft:interact_with_furnace":5,"minecraft:tune_noteblock":99,"minecraft:sleep_in_bed":6,"minecraft:time_since_rest":1808,"minecraft:waystone_activated":2,"minecraft:damage_taken":3093,"minecraft:damage_dealt":10844,"minecraft:player_kills":1,"minecraft:swim_one_cm":2182,"minecraft:fly_one_cm":615244,"minecraft:open_chest":101,"minecraft:crouch_one_cm":5600,"tombstone:undead_killed":12,"minecraft:interact_with_smoker":5,"minecraft:fall_one_cm":61587,"minecraft:inspect_dispenser":1},"minecraft:broken":{"minecraft:iron_sword":1},"minecraft:crafted":{"minecraft:redstone":9,"luphieclutteredmod:luphie_cardboard_box_open":1,"minecraft:iron_axe":1,"minecraft:stone_pickaxe":1,"minecraft:spruce_boat":1,"upgrade_aquatic:driftwood_planks":8,"farmersdelight:honey_cookie":16,"minecraft:cooked_cod":2,"minecraft:crafting_table":3,"minecraft:spruce_planks":40,"minecraft:wooden_pickaxe":1,"minecraft:spruce_door":3,"minecraft:air":0,"minecraft:stick":12,"minecraft:iron_ingot":1,"minecraft:iron_pickaxe":1},"minecraft:killed":{"gothic:npc_oldcamp_hunter":2,"exoticbirds:pelican":2,"grimoireofgaia:satyress":2,"alexsmobs:snow_leopard":2,"grimoireofgaia:minotaurus":2,"minecraft:horse":10,"minecraft:skeleton":22,"gothic:molerat":2,"minecraft:cat":2,"minecraft:magma_cube":4,"minecraft:pig":4,"naturalist:bluejay":2,"alexsmobs:seal":2,"exoticbirds:penguin":2,"minecraft:sheep":4,"gothic:scavenger":4,"exoticbirds:flamingo":8,"gothic:scavenger_young":6,"minecraft:zombie":2,"exoticbirds:pigeon":6,"alexsmobs:crow":4,"minecraft:cow":8},"minecraft:used":{"minecraft:iron_sword":366,"minecraft:torch":8,"minecraft:dirt":6,"minecraft:mutton":1,"minecraft:snowball":1,"minecraft:milk_bucket":2,"exoticbirds:raw_birdmeat":6,"minecraft:lantern":16,"minecraft:iron_axe":15,"exoticbirds:pelican_egg":1,"minecraft:redstone_lamp":1,"minecraft:sweet_berries":2,"minecraft:cooked_cod":2,"minecraft:gray_bed":1,"tombstone:gift":4,"minecraft:potato":23,"dynamictrees:spruce_seed":1,"minecraft:leather_leggings":1,"minecraft:cobblestone_stairs":1,"minecraft:spruce_door":5,"minecraft:baked_potato":7,"minecraft:stone_pickaxe":13,"aquamirae:wisteria_niveis":1,"minecraft:wooden_pickaxe":10,"minecraft:leather_chestplate":1,"minecraft:blue_bed":1,"minecraft:deepslate_bricks":3,"upgrade_aquatic:driftwood_planks":7,"gothic:lamb_sausage":5,"minecraft:crafting_table":4,"hmag:randomberry":3,"gothic:cheese":3,"minecraft:white_bed":6,"oaks_decor:sand_castles":1,"minecraft:deepslate_brick_stairs":1,"waystones:waystone":2,"farmersdelight:honey_cookie":7,"minecraft:apple":15,"minecraft:bread":5,"minecraft:iron_pickaxe":39,"paraglider:kakariko_goddess_statue":3,"luphieclutteredmod:luphie_cardboard_box_open":1,"croptopia:toast":16,"exoticbirds:penguin_egg":1,"minecraft:pumpkin_pie":1,"dtterralith:black_poplar_seed":3,"minecraft:polished_blackstone_button":1,"blue_skies:frostbright_door":1}},"DataVersion":3120}