{"stats":{"minecraft:custom":{"minecraft:interact_with_crafting_table":77,"minecraft:open_barrel":37,"minecraft:bell_ring":5,"minecraft:leave_game":14,"minecraft:time_since_death":127010,"minecraft:damage_resisted":488,"minecraft:sprint_one_cm":1572875,"minecraft:drop":323,"minecraft:talked_to_villager":1,"minecraft:play_time":737412,"minecraft:deaths":16,"minecraft:jump":11953,"minecraft:walk_on_water_one_cm":16410,"minecraft:interact_with_furnace":193,"minecraft:sleep_in_bed":40,"minecraft:waystone_activated":6,"minecraft:damage_dealt":51772,"minecraft:player_kills":6,"minecraft:crouch_one_cm":95921,"tombstone:undead_killed":109,"minecraft:interact_with_smoker":53,"minecraft:inspect_dispenser":1,"minecraft:interact_with_anvil":1,"minecraft:mob_kills":237,"minecraft:interact_with_campfire":46,"minecraft:damage_dealt_resisted":22,"minecraft:climb_one_cm":33103,"minecraft:walk_one_cm":2350524,"minecraft:damage_dealt_absorbed":2875,"minecraft:sneak_time":31909,"minecraft:walk_under_water_one_cm":3028,"minecraft:boat_one_cm":12289,"minecraft:interact_with_blast_furnace":25,"minecraft:total_world_time":737412,"tombstone:raider_killed":3,"minecraft:tune_noteblock":99,"minecraft:interact_with_stonecutter":6,"minecraft:time_since_rest":10362,"minecraft:damage_taken":17187,"minecraft:swim_one_cm":10347,"minecraft:fly_one_cm":2459653,"minecraft:open_chest":624,"minecraft:fall_one_cm":269282},"minecraft:broken":{"minecraft:iron_shovel":7,"minecraft:leather_leggings":1,"minecraft:iron_boots":2,"minecraft:iron_chestplate":1,"minecraft:iron_sword":3,"justhammers:iron_hammer":5,"minecraft:stone_hoe":5,"minecraft:iron_axe":1,"minecraft:iron_pickaxe":3,"minecraft:iron_helmet":1},"minecraft:mined":{"minecraft:spruce_planks":8,"dtterralith:birch_pine_sapling":1,"minecraft:white_bed":14,"dtterralith:spruce_short_conifer_leaves":5,"minecraft:cobblestone_stairs":16,"myceliummire:mycliated_dirt":3,"minecraft:spruce_trapdoor":12,"minecraft:grass_block":856,"minecraft:deepslate_bricks":3,"minecraft:chiseled_stone_bricks":1,"minecraft:spawner":16,"realmrpg_skeletons:dungeon_crawler_skeleton":1,"minecraft:mossy_cobblestone_stairs":1,"minecraft:iron_ore":46,"minecraft:barrel":1,"minecraft:anvil":1,"minecraft:flowering_azalea_leaves":1,"minecraft:dirt_path":33,"minecraft:iron_bars":2,"minecraft:deepslate_brick_stairs":1,"minecraft:black_candle":1,"minecraft:white_banner":1,"create:limestone":9,"minecraft:spruce_slab":1,"minecraft:tripwire":3,"farmersdelight:wild_potatoes":13,"oaks_decor:sand_castles":2,"dtterralith:birch_short_conifer_leaves":7,"minecraft:cyan_terracotta":1,"minecraft:smoker":3,"minecraft:torch":54,"minecraft:blast_furnace":2,"minecraft:calcite":17,"minecraft:poppy":9,"minecraft:chest":36,"minecraft:white_stained_glass_pane":1,"minecraft:cobblestone":287,"minecraft:grindstone":1,"minecraft:wall_torch":20,"minecraft:deepslate_copper_ore":5,"minecraft:white_terracotta":1,"realmrpg_skeletons:bow_skeleton":1,"vampirism:totem_top":1,"aquamirae:wisteria_niveis":4,"paraglider:kakariko_goddess_statue":7,"minecraft:smooth_stone_slab":3,"minecraft:stone_brick_stairs":43,"minecraft:grass":257,"minecraft:cracked_deepslate_tiles":1,"minecraft:dirt":503,"blue_skies:frostbright_door":4,"minecraft:sand":2,"structure_gel:dynamic_spawner":2,"minecraft:raw_copper_block":3,"minecraft:stonecutter":4,"create:zinc_ore":12,"minecraft:redstone_lamp":4,"minecraft:light_blue_stained_glass_pane":1,"minecraft:mossy_cobblestone":67,"minecraft:candle":2,"gothic:waterpipe":2,"minecraft:gray_stained_glass_pane":1,"minecraft:glow_lichen":1,"minecraft:dark_oak_pressure_plate":1,"gothic:cave_mushrooms":1,"gothic:scavenger_grilled":1,"luphieclutteredmod:luphie_cardboard_box_open":1,"gothic:ornament_part":1,"blue_skies:frostbright_bookshelf":2,"minecraft:large_fern":12,"minecraft:furnace":5,"dynamictrees:oak_undergrowth_leaves":29,"evilcraft:box_of_eternal_closure":1,"minecraft:andesite":56,"minecraft:stripped_spruce_log":1,"minecraft:potatoes":39,"minecraft:cobblestone_slab":10,"minecraft:vine":2,"minecraft:lantern":9,"minecraft:packed_ice":6,"minecraft:stone":121,"supplementaries:wall_lantern":8,"minecraft:white_wool":54,"minecraft:podzol":1,"minecraft:smithing_table":1,"minecraft:redstone_block":1,"minecraft:brown_stained_glass_pane":3,"minecraft:dandelion":2,"minecraft:spruce_door":3,"croptopia:sweetpotato_crop":1,"minecraft:crafting_table":15,"minecraft:campfire":1,"minecraft:lectern":1,"minecraft:copper_ore":2,"minecraft:stone_slab":1,"gothic:scavenger_eggs":1,"minecraft:tall_grass":140,"oaks_decor:sand_castle":4,"gothic:innos_statue":1,"minecraft:blue_bed":4,"minecraft:spruce_stairs":12,"supplementaries:urn":15,"minecraft:purple_bed":6,"minecraft:birch_planks":12,"minecraft:coarse_dirt":614,"blue_skies:frostbright_chest":1,"minecraft:cobblestone_wall":30,"minecraft:sweet_berry_bush":3,"minecraft:spruce_log":213,"dtterralith:oak_twiglet_leaves":2,"minecraft:coal_ore":35,"vampirism:fire_place":1,"minecraft:zombie_head":1,"minecraft:gravel":4,"minecraft:cobweb":64,"hexerei:sage_crop":10,"upgrade_aquatic:driftwood_log":2,"gothic:tall_mushrooms":1,"minecraft:polished_andesite":4,"minecraft:stone_bricks":218,"minecraft:fern":50},"minecraft:used":{"minecraft:iron_shovel":2001,"minecraft:poppy":1,"minecraft:chest":13,"minecraft:iron_sword":777,"minecraft:mutton":1,"gothic:waterpipe":1,"minecraft:snowball":1,"minecraft:milk_bucket":2,"minecraft:spruce_boat":1,"exoticbirds:raw_birdmeat":8,"butchercraft:cooked_lamb_scraps":2,"minecraft:lantern":16,"minecraft:stone_brick_stairs":179,"minecraft:stone_bricks":763,"minecraft:redstone_lamp":1,"minecraft:sweet_berries":3,"minecraft:furnace":10,"minecraft:cooked_cod":2,"minecraft:gray_bed":1,"minecraft:potato":206,"dynamictrees:spruce_seed":1,"minecraft:leather_leggings":1,"minecraft:spruce_door":5,"minecraft:stone_pickaxe":13,"minecraft:wooden_pickaxe":10,"minecraft:leather_chestplate":1,"butchercraft:cooked_beef_scraps":12,"minecraft:blue_bed":6,"gothic:meat_cooked":5,"gothic:lamb_sausage":5,"hmag:randomberry":3,"gothic:cheese":3,"minecraft:shears":53,"minecraft:deepslate_brick_stairs":1,"waystones:waystone":4,"farmersdelight:honey_cookie":16,"minecraft:bread":13,"minecraft:lectern":1,"paraglider:kakariko_goddess_statue":6,"minecraft:soul_lantern":2,"exoticbirds:cooked_birdmeat":4,"croptopia:toast":29,"minecraft:diamond_sword":518,"minecraft:cooked_rabbit":7,"minecraft:andesite":159,"minecraft:coarse_dirt":503,"blue_skies:frostbright_door":4,"dtterralith:birch_pine_seed":1,"minecraft:stone_hoe":730,"minecraft:torch":159,"minecraft:dirt":1039,"minecraft:anvil":1,"minecraft:spruce_stairs":10,"minecraft:cobblestone_wall":76,"minecraft:iron_axe":527,"exoticbirds:pelican_egg":1,"evilcraft:box_of_eternal_closure":3,"evilcraft:flesh_humanoid":1,"tombstone:gift":5,"minecraft:cooked_beef":1,"minecraft:calcite":1,"minecraft:cobbled_deepslate":1,"minecraft:iron_leggings":1,"minecraft:water_bucket":10,"minecraft:cobblestone_stairs":25,"minecraft:baked_potato":168,"minecraft:birch_planks":28,"aquamirae:wisteria_niveis":1,"minecraft:cobblestone_slab":39,"minecraft:stonecutter":4,"minecraft:deepslate_bricks":3,"upgrade_aquatic:driftwood_planks":7,"minecraft:mossy_cobblestone":47,"minecraft:crafting_table":16,"minecraft:white_bed":13,"oaks_decor:sand_castles":2,"minecraft:spruce_log":211,"justhammers:iron_hammer":1019,"minecraft:smoker":2,"minecraft:apple":30,"minecraft:iron_pickaxe":1079,"luphieclutteredmod:luphie_cardboard_box_open":1,"minecraft:purple_bed":5,"minecraft:polished_blackstone_button":1,"minecraft:cobblestone":1094,"minecraft:white_banner":1,"minecraft:pumpkin_pie":1,"exoticbirds:penguin_egg":1,"minecraft:cooked_porkchop":6,"minecraft:bucket":10,"dtterralith:black_poplar_seed":3,"minecraft:splash_potion":1},"minecraft:picked_up":{"minecraft:redstone_block":1,"minecraft:anvil":1,"minecraft:stone_slab":7,"minecraft:smithing_table":1,"minecraft:diamond_sword":3,"minecraft:oak_stairs":1,"minecraft:enchanted_book":19,"minecraft:potion":1,"butchercraft:pork_scraps":6,"minecraft:stone_brick_stairs":49,"domesticationinnovation:pet_bed_purple":2,"minecraft:music_disc_cat":1,"minecraft:dark_oak_pressure_plate":2,"minecraft:string":165,"minecraft:raw_copper":77,"create:limestone":16,"minecraft:smooth_stone_slab":7,"minecraft:iron_leggings":4,"minecraft:sticky_piston":7,"minecraft:experience_bottle":1,"minecraft:zombie_head":1,"minecraft:gold_nugget":11,"minecraft:cobbled_deepslate":101,"minecraft:bucket":3,"minecraft:spruce_planks":9,"hmag:cureberry":1,"minecraft:cobblestone_slab":14,"minecraft:calcite":428,"minecraft:iron_pickaxe":2,"dynamictrees:oak_seed":11,"minecraft:enchanted_golden_apple":1,"minecraft:iron_boots":3,"minecraft:furnace":5,"minecraft:stick":323,"minecraft:torch":111,"gothic:tall_mushrooms":1,"minecraft:spruce_stairs":19,"paraglider:kakariko_goddess_statue":7,"vampirism:holy_water_bottle_enhanced":1,"oaks_decor:throwable_pebble":2,"tombstone:grave_dust":20,"vampirism:vampire_fang":1,"vampirism:amulet":3,"minecraft:stone_sword":1,"evilcraft:box_of_eternal_closure":4,"minecraft:rotten_flesh":115,"create:scoria":2,"minecraft:cyan_terracotta":5,"farmersdelight:rope":19,"supplementaries:ash":26,"minecraft:white_terracotta":1,"evilcraft:condensed_blood":19,"minecraft:deepslate_brick_stairs":1,"minecraft:snowball":1,"blue_skies:frostbright_slab":14,"hmag:spectral_soup":1,"minecraft:cobblestone":2467,"paraglider:paraglider":1,"minecraft:birch_log":21,"minecraft:magma_block":1,"minecraft:mossy_cobblestone_slab":1,"minecraft:leather_chestplate":2,"minecraft:feather":27,"minecraft:water_bucket":1,"minecraft:andesite":715,"dtterralith:dwarf_pine_seed":2,"minecraft:smoker":3,"minecraft:potato":345,"paraglider:spirit_orb":52,"minecraft:tuff":40,"create:raw_zinc":19,"evilcraft:flesh_humanoid":5,"supplementaries:flax_seeds":11,"minecraft:lapis_lazuli":61,"minecraft:dirt":1496,"minecraft:lantern":23,"christmasfestivity:disc_marrychristmas":1,"minecraft:name_tag":3,"hmag:evil_crystal_fragment":3,"minecraft:leather_boots":1,"minecraft:bone":154,"blue_skies:frostbright_chest":1,"croptopia:sweetpotato":1,"minecraft:stonecutter":4,"minecraft:bow":4,"minecraft:wheat_seeds":245,"aquamirae:wisteria_niveis":4,"minecraft:raw_gold":30,"minecraft:grindstone":1,"minecraft:glowstone_dust":1,"gothic:ornament_part":1,"dtterralith:birch_pine_seed":3,"hmag:soul_powder":10,"minecraft:poisonous_potato":3,"gothic:meat_cooked":2,"minecraft:sand":2,"hexerei:sage":12,"minecraft:stripped_spruce_log":4,"minecraft:dead_bush":6,"dtterralith:dwarf_spruce_seed":5,"hmag:kobold_leather":2,"minecraft:barrel":3,"alexsmobs:animal_dictionary":1,"minecraft:mossy_cobblestone":124,"minecraft:bundle":4,"minecraft:iron_hoe":1,"luphieclutteredmod:luphie_cardboard_box_open":1,"minecraft:diamond":5,"minecraft:spruce_boat":1,"minecraft:lever":1,"minecraft:soul_lantern":2,"waystones:waystone":4,"minecraft:polished_blackstone_button":1,"gothic:scavenger_egg":2,"minecraft:granite":1,"minecraft:bone_meal":10,"minecraft:golden_apple":3,"minecraft:spruce_sign":8,"minecraft:bread":8,"minecraft:emerald":9,"minecraft:light_gray_carpet":2,"mca:bouquet":2,"atlantis:aquamarine_gem":14,"croptopia:toast":22,"minecraft:charcoal":2,"minecraft:coarse_dirt":648,"minecraft:crafting_table":14,"minecraft:azure_bluet":1,"minecraft:brown_mushroom":2,"minecraft:redstone_lamp":4,"minecraft:leather_leggings":1,"croptopia:sweetpotato_seed":8,"dynamictrees:spruce_seed":21,"minecraft:wooden_pickaxe":1,"minecraft:gold_block":3,"blue_skies:frostbright_door":6,"gothic:waterpipe":3,"minecraft:cornflower":1,"minecraft:large_fern":2,"minecraft:iron_shovel":7,"minecraft:blackstone":11,"minecraft:candle":15,"minecraft:minecart":2,"minecraft:iron_nugget":41,"minecraft:poppy":16,"minecraft:light_gray_wool":1,"minecraft:lectern":1,"blue_skies:frostbright_stairs":15,"minecraft:chest":34,"minecraft:spruce_trapdoor":14,"minecraft:raw_copper_block":3,"exoticbirds:penguin_egg":6,"minecraft:raw_iron":176,"minecraft:stone":7,"farmersdelight:tomato_seeds":2,"minecraft:carrot":32,"minecraft:redstone":66,"minecraft:iron_horse_armor":1,"croptopia:yam_seed":4,"hexerei:sage_seed":155,"butchercraft:chicken_scraps":1,"minecraft:arrow":57,"minecraft:stone_shovel":2,"minecraft:beetroot_seeds":24,"upgrade_aquatic:driftwood_log":2,"minecraft:deepslate_bricks":6,"minecraft:saddle":5,"minecraft:gold_ingot":11,"sophisticatedbackpacks:copper_backpack":1,"butchercraft:beef_scraps":7,"exoticbirds:raw_birdmeat":30,"minecraft:white_wool":109,"minecraft:oxeye_daisy":2,"minecraft:cracked_deepslate_tiles":1,"minecraft:leather":11,"minecraft:red_mushroom":4,"blue_skies:frostbright_planks":6,"croptopia:glowing_calamari":1,"minecraft:birch_planks":12,"minecraft:filled_map":1,"grimoireofgaia:bone_shield":2,"oaks_decor:sand_castles":6,"minecraft:cobblestone_wall":82,"minecraft:gunpowder":4,"minecraft:cobblestone_stairs":18,"mca:book_romance":2,"dtterralith:black_poplar_seed":12,"minecraft:blue_bed":6,"minecraft:paper":19,"minecraft:white_banner":2,"tombstone:gift":3,"vampirism:human_heart":1,"minecraft:apple":12,"minecraft:stone_bricks":263,"alexsmobs:cockroach_wing_fragment":1,"minecraft:rabbit_hide":3,"minecraft:iron_ingot":3,"minecraft:cobweb":4,"minecraft:gray_bed":1,"minecraft:iron_sword":12,"minecraft:flowering_azalea":1,"minecraft:book":8,"myceliummire:mycliated_dirt":5,"minecraft:polished_andesite_stairs":2,"minecraft:smooth_basalt":3,"minecraft:black_candle":2,"minecraft:sweet_berries":37,"vampirism:fire_place":1,"minecraft:dandelion":7,"minecraft:gravel":7,"blue_skies:frostbright_trapdoor":3,"gothic:cheese":1,"minecraft:blast_furnace":2,"minecraft:spruce_log":347,"minecraft:white_bed":16,"minecraft:spider_eye":7,"minecraft:spruce_door":3,"butchercraft:leather_scrap":9,"gothic:cave_mushrooms":2,"gothic:meat":17,"minecraft:purple_bed":7,"minecraft:stone_axe":1,"evilcraft:dark_gem":13,"minecraft:iron_helmet":1,"butchercraft:lamb_scraps":3,"minecraft:diamond_axe":1,"minecraft:mossy_cobblestone_stairs":4,"exoticbirds:pelican_egg":1,"minecraft:baked_potato":31,"tombstone:magic_scroll":1,"minecraft:coal":176,"blue_skies:frostbright_ladder":4},"minecraft:killed_by":{"vampirism:advanced_vampire":1,"grimoireofgaia:arachne":1,"gothic:cave_molerat":1,"grimoireofgaia:bone_knight":1,"minecraft:cave_spider":1,"grimoireofgaia:deathword":1,"minecraft:vex":1,"minecraft:player":2,"gothic:stone_guardian":1,"grimoireofgaia:flesh_lich":2,"minecraft:skeleton":3},"minecraft:crafted":{"minecraft:cobblestone_slab":24,"croptopia:toast":7,"minecraft:stone":1120,"minecraft:cobblestone_stairs":20,"luphieclutteredmod:luphie_cardboard_box_open":1,"minecraft:bow":1,"minecraft:raw_copper":27,"minecraft:stone_hoe":6,"minecraft:stone_bricks":1000,"minecraft:cooked_rabbit":7,"minecraft:smoker":1,"sophisticatedbackpacks:backpack":2,"minecraft:cooked_porkchop":6,"minecraft:crafting_table":3,"minecraft:spruce_planks":740,"minecraft:wooden_pickaxe":1,"minecraft:baked_potato":297,"minecraft:spruce_door":3,"minecraft:copper_ingot":48,"minecraft:gold_block":1,"minecraft:birch_planks":36,"butchercraft:cooked_beef_scraps":12,"minecraft:stone_brick_stairs":52,"minecraft:stick":12,"minecraft:iron_pickaxe":4,"minecraft:iron_ingot":50,"minecraft:gold_ingot":57,"minecraft:shears":1,"butchercraft:cooked_lamb_scraps":6,"minecraft:redstone":9,"minecraft:furnace":9,"minecraft:spruce_stairs":4,"minecraft:iron_axe":3,"minecraft:stone_pickaxe":1,"minecraft:cobblestone_wall":24,"minecraft:spruce_boat":1,"mca:whistle":1,"upgrade_aquatic:driftwood_planks":8,"sophisticatedbackpacks:iron_backpack":1,"minecraft:cooked_beef":2,"farmersdelight:honey_cookie":16,"minecraft:cooked_cod":2,"minecraft:iron_sword":4,"minecraft:air":0,"justhammers:iron_hammer":11,"minecraft:iron_shovel":5,"exoticbirds:cooked_birdmeat":4,"minecraft:iron_leggings":1,"minecraft:torch":180},"minecraft:killed":{"vampirism:vampire":4,"minecraft:cave_spider":10,"minecraft:spider":30,"alexsmobs:snow_leopard":6,"grimoireofgaia:minotaurus":2,"minecraft:skeleton":90,"grimoireofgaia:mimic":2,"minecraft:chicken":2,"minecraft:silverfish":2,"vampirism:advanced_hunter":2,"minecraft:illusioner":2,"gothic:cave_molerat":6,"gothic:molerat":2,"grimoireofgaia:flesh_lich":4,"minecraft:cat":2,"minecraft:magma_cube":4,"sleep_tight:bedbug":4,"minecraft:pig":4,"grimoireofgaia:bone_knight":6,"alexsmobs:seal":2,"minecraft:creeper":6,"vampirism:hunter":2,"exoticbirds:penguin":4,"minecraft:sheep":4,"gothic:scavenger":4,"minecraft:pillager":4,"minecraft:zombie":104,"grimoireofgaia:deathword":6,"grimoireofgaia:harpy":4,"alexsmobs:fly":4,"minecraft:cow":8,"gothic:npc_oldcamp_hunter":2,"exoticbirds:pelican":2,"grimoireofgaia:satyress":2,"grimoireofgaia:centaur":8,"minecraft:horse":10,"hmag:zombie_girl":12,"hmag:ghost":2,"naturalist:bluejay":2,"minecraft:bat":2,"exoticbirds:flamingo":8,"gothic:scavenger_young":6,"gothic:ice_wolf":2,"alexsmobs:cockroach":2,"exoticbirds:pigeon":6,"alexsmobs:crow":4,"minecraft:player":4},"minecraft:dropped":{"minecraft:spruce_sign":5,"minecraft:iron_sword":1,"butchercraft:beef_scraps":4,"butchercraft:leather_scrap":4,"minecraft:brown_mushroom":2,"minecraft:diamond_axe":1,"vampirism:human_heart":1,"minecraft:baked_potato":111,"minecraft:glass_bottle":2,"mca:bouquet":1,"gothic:cheese":2,"dynamictrees:spruce_seed":16,"minecraft:red_mushroom":4,"paraglider:spirit_orb":27,"minecraft:emerald":11,"minecraft:cobblestone_stairs":1,"minecraft:cyan_terracotta":5,"minecraft:dirt":11,"minecraft:large_fern":3,"minecraft:cornflower":1,"minecraft:cracked_deepslate_tiles":1,"croptopia:sweetpotato_seed":8,"minecraft:gold_nugget":7,"minecraft:bone_meal":10,"minecraft:iron_pickaxe":4,"minecraft:birch_log":16,"minecraft:white_wool":1,"minecraft:bone":4,"minecraft:gold_ingot":24,"minecraft:gravel":5,"minecraft:stone_axe":1,"minecraft:lever":1,"minecraft:iron_nugget":6,"tombstone:gift":2,"vampirism:holy_water_bottle_enhanced":1,"minecraft:rotten_flesh":35,"guideapi_vp:vampirism-guidebook":1,"justhammers:iron_hammer":1,"minecraft:azure_bluet":1,"minecraft:white_bed":1,"evilcraft:flesh_humanoid":5,"minecraft:carrot":17,"minecraft:poppy":6,"minecraft:rabbit_hide":6,"minecraft:leather_chestplate":1,"supplementaries:flax_seeds":11,"dtterralith:birch_pine_seed":2,"minecraft:gunpowder":1,"create:scoria":2,"vampirism:vampire_fang":1,"gothic:cave_mushrooms":2,"minecraft:beetroot_seeds":24,"create:limestone":16,"minecraft:chest":11,"minecraft:arrow":25,"minecraft:stone_brick_stairs":3,"dtterralith:black_poplar_seed":9,"farmersdelight:tomato_seeds":2,"minecraft:enchanted_book":1,"minecraft:iron_ingot":8,"minecraft:stripped_spruce_log":2,"minecraft:wheat_seeds":78,"butchercraft:pork_scraps":6,"minecraft:mossy_cobblestone":116,"minecraft:poisonous_potato":1,"minecraft:feather":6,"minecraft:cobblestone":26,"croptopia:sweetpotato":1,"minecraft:dark_oak_pressure_plate":2,"minecraft:granite":1,"evilcraft:dark_gem":13,"gothic:meat":5,"dtterralith:dwarf_spruce_seed":3,"minecraft:spruce_stairs":8,"exoticbirds:mystery_egg":1,"vampirism:amulet":2,"bossominium:the_bossdexium":1,"minecraft:stick":88,"minecraft:cobweb":4,"butchercraft:lamb_scraps":3,"blue_skies:frostbright_slab":6,"minecraft:black_candle":2,"minecraft:mossy_cobblestone_slab":1,"minecraft:torch":98,"minecraft:zombie_head":1,"tombstone:grave_dust":7,"minecraft:iron_leggings":3,"minecraft:dead_bush":6,"minecraft:polished_andesite_stairs":2,"minecraft:flowering_azalea":1,"minecraft:mossy_cobblestone_stairs":2,"minecraft:bucket":2,"minecraft:iron_shovel":1,"minecraft:paper":9,"minecraft:string":72,"hmag:evil_crystal_fragment":3,"minecraft:spruce_sapling":5,"croptopia:glowing_calamari":1,"croptopia:yam_seed":4,"minecraft:redstone":129,"minecraft:coarse_dirt":140,"minecraft:stone_sword":1,"minecraft:cobblestone_wall":6,"minecraft:smooth_stone_slab":2,"vampirism:obi_belt":1,"minecraft:tuff":4,"farmersdelight:cabbage_seeds":2,"minecraft:raw_iron":11,"minecraft:experience_bottle":1,"minecraft:stone_shovel":2,"minecraft:light_gray_wool":1,"minecraft:iron_boots":1,"alexsmobs:ancient_dart":1,"sophisticatedbackpacks:backpack":1,"minecraft:stone_slab":5,"butchercraft:chicken_scraps":1,"grimoireofgaia:bone_shield":2,"minecraft:deepslate_bricks":3,"minecraft:filled_map":1,"minecraft:diamond_sword":2,"minecraft:potato":1,"minecraft:stone":65,"alexsmobs:cockroach_wing_fragment":1,"minecraft:spruce_planks":9,"minecraft:spruce_trapdoor":14,"minecraft:bundle":4,"minecraft:andesite":1,"minecraft:purple_bed":1,"exoticbirds:raw_birdmeat":21,"minecraft:spider_eye":4,"minecraft:stone_bricks":351,"minecraft:bamboo":1,"minecraft:bow":2,"minecraft:stone_pickaxe":1,"minecraft:wooden_pickaxe":2,"minecraft:calcite":7}},"DataVersion":3120}