{"stats":{"minecraft:broken":{"minecraft:iron_shovel":4,"minecraft:leather_leggings":1,"minecraft:iron_boots":1,"minecraft:iron_sword":3,"minecraft:iron_axe":1,"minecraft:iron_pickaxe":1,"minecraft:iron_helmet":1},"minecraft:crafted":{"minecraft:cobblestone_slab":24,"croptopia:toast":7,"minecraft:stone":4,"minecraft:cobblestone_stairs":20,"luphieclutteredmod:luphie_cardboard_box_open":1,"minecraft:raw_copper":27,"minecraft:cooked_rabbit":7,"sophisticatedbackpacks:backpack":2,"minecraft:cooked_porkchop":6,"minecraft:crafting_table":3,"minecraft:spruce_planks":40,"minecraft:wooden_pickaxe":1,"minecraft:baked_potato":49,"minecraft:spruce_door":3,"minecraft:gold_block":1,"minecraft:birch_planks":36,"butchercraft:cooked_beef_scraps":12,"minecraft:stick":12,"minecraft:iron_pickaxe":2,"minecraft:iron_ingot":16,"minecraft:gold_ingot":27,"minecraft:shears":1,"minecraft:redstone":9,"minecraft:spruce_stairs":4,"minecraft:iron_axe":3,"minecraft:stone_pickaxe":1,"minecraft:cobblestone_wall":18,"minecraft:spruce_boat":1,"mca:whistle":1,"upgrade_aquatic:driftwood_planks":8,"sophisticatedbackpacks:iron_backpack":1,"minecraft:cooked_beef":2,"farmersdelight:honey_cookie":16,"minecraft:cooked_cod":2,"minecraft:iron_sword":4,"minecraft:air":0,"justhammers:iron_hammer":2,"exoticbirds:cooked_birdmeat":4,"minecraft:iron_shovel":1,"minecraft:iron_leggings":1,"minecraft:torch":52},"minecraft:used":{"minecraft:iron_shovel":1047,"minecraft:poppy":1,"minecraft:chest":12,"minecraft:iron_sword":777,"minecraft:mutton":1,"gothic:waterpipe":1,"minecraft:snowball":1,"minecraft:milk_bucket":2,"minecraft:spruce_boat":1,"exoticbirds:raw_birdmeat":8,"minecraft:lantern":16,"minecraft:redstone_lamp":1,"minecraft:sweet_berries":3,"minecraft:cooked_cod":2,"minecraft:gray_bed":1,"minecraft:potato":24,"dynamictrees:spruce_seed":1,"minecraft:leather_leggings":1,"minecraft:spruce_door":5,"minecraft:stone_pickaxe":13,"minecraft:wooden_pickaxe":10,"minecraft:leather_chestplate":1,"butchercraft:cooked_beef_scraps":12,"minecraft:blue_bed":5,"gothic:lamb_sausage":5,"gothic:meat_cooked":5,"hmag:randomberry":3,"gothic:cheese":3,"minecraft:shears":53,"minecraft:deepslate_brick_stairs":1,"waystones:waystone":3,"farmersdelight:honey_cookie":16,"minecraft:bread":13,"minecraft:lectern":1,"paraglider:kakariko_goddess_statue":4,"minecraft:soul_lantern":2,"exoticbirds:cooked_birdmeat":4,"croptopia:toast":29,"minecraft:diamond_sword":168,"minecraft:cooked_rabbit":7,"minecraft:coarse_dirt":438,"blue_skies:frostbright_door":3,"dtterralith:birch_pine_seed":1,"minecraft:torch":61,"minecraft:dirt":438,"minecraft:spruce_stairs":10,"minecraft:cobblestone_wall":35,"minecraft:iron_axe":504,"exoticbirds:pelican_egg":1,"tombstone:gift":5,"minecraft:cooked_beef":1,"minecraft:iron_leggings":1,"minecraft:cobblestone_stairs":25,"minecraft:birch_planks":16,"minecraft:baked_potato":54,"aquamirae:wisteria_niveis":1,"minecraft:cobblestone_slab":39,"minecraft:stonecutter":1,"minecraft:deepslate_bricks":3,"upgrade_aquatic:driftwood_planks":7,"minecraft:mossy_cobblestone":4,"minecraft:crafting_table":8,"minecraft:white_bed":12,"oaks_decor:sand_castles":1,"minecraft:spruce_log":198,"justhammers:iron_hammer":146,"minecraft:apple":30,"minecraft:iron_pickaxe":618,"luphieclutteredmod:luphie_cardboard_box_open":1,"minecraft:cobblestone":851,"minecraft:purple_bed":4,"exoticbirds:penguin_egg":1,"minecraft:cooked_porkchop":6,"minecraft:pumpkin_pie":1,"dtterralith:black_poplar_seed":3,"minecraft:polished_blackstone_button":1,"minecraft:splash_potion":1},"minecraft:mined":{"minecraft:spruce_planks":8,"minecraft:white_bed":13,"dtterralith:birch_pine_sapling":1,"dtterralith:spruce_short_conifer_leaves":5,"minecraft:cobblestone_stairs":16,"minecraft:spruce_trapdoor":12,"minecraft:grass_block":406,"minecraft:deepslate_bricks":3,"minecraft:chiseled_stone_bricks":1,"minecraft:spawner":16,"minecraft:mossy_cobblestone_stairs":1,"minecraft:iron_ore":19,"minecraft:barrel":1,"minecraft:anvil":1,"minecraft:flowering_azalea_leaves":1,"minecraft:dirt_path":33,"minecraft:iron_bars":2,"minecraft:deepslate_brick_stairs":1,"minecraft:black_candle":1,"create:limestone":9,"minecraft:spruce_slab":1,"minecraft:tripwire":3,"farmersdelight:wild_potatoes":13,"oaks_decor:sand_castles":1,"dtterralith:birch_short_conifer_leaves":7,"minecraft:cyan_terracotta":1,"minecraft:smoker":2,"minecraft:torch":27,"minecraft:blast_furnace":2,"minecraft:calcite":16,"minecraft:poppy":7,"minecraft:chest":34,"minecraft:white_stained_glass_pane":1,"minecraft:cobblestone":262,"minecraft:grindstone":1,"minecraft:wall_torch":9,"minecraft:deepslate_copper_ore":5,"minecraft:white_terracotta":1,"realmrpg_skeletons:bow_skeleton":1,"vampirism:totem_top":1,"aquamirae:wisteria_niveis":4,"paraglider:kakariko_goddess_statue":5,"minecraft:smooth_stone_slab":3,"minecraft:grass":175,"minecraft:cracked_deepslate_tiles":1,"minecraft:dirt":49,"blue_skies:frostbright_door":3,"structure_gel:dynamic_spawner":2,"minecraft:raw_copper_block":3,"minecraft:stonecutter":1,"minecraft:redstone_lamp":4,"create:zinc_ore":2,"minecraft:light_blue_stained_glass_pane":1,"minecraft:mossy_cobblestone":63,"minecraft:candle":2,"gothic:waterpipe":1,"minecraft:gray_stained_glass_pane":1,"minecraft:dark_oak_pressure_plate":1,"gothic:scavenger_grilled":1,"luphieclutteredmod:luphie_cardboard_box_open":1,"gothic:ornament_part":1,"blue_skies:frostbright_bookshelf":2,"minecraft:large_fern":10,"minecraft:furnace":1,"dynamictrees:oak_undergrowth_leaves":29,"minecraft:andesite":25,"minecraft:stripped_spruce_log":1,"minecraft:cobblestone_slab":10,"minecraft:vine":2,"minecraft:lantern":9,"minecraft:packed_ice":6,"minecraft:stone":79,"supplementaries:wall_lantern":8,"minecraft:white_wool":52,"minecraft:podzol":1,"minecraft:smithing_table":1,"minecraft:redstone_block":1,"minecraft:brown_stained_glass_pane":3,"minecraft:dandelion":1,"minecraft:spruce_door":3,"croptopia:sweetpotato_crop":1,"minecraft:crafting_table":9,"minecraft:campfire":1,"minecraft:lectern":1,"minecraft:copper_ore":2,"gothic:scavenger_eggs":1,"minecraft:tall_grass":117,"oaks_decor:sand_castle":4,"minecraft:blue_bed":3,"gothic:innos_statue":1,"minecraft:spruce_stairs":12,"minecraft:purple_bed":5,"minecraft:coarse_dirt":544,"blue_skies:frostbright_chest":1,"minecraft:cobblestone_wall":22,"minecraft:sweet_berry_bush":2,"minecraft:spruce_log":213,"dtterralith:oak_twiglet_leaves":2,"minecraft:coal_ore":7,"vampirism:fire_place":1,"minecraft:zombie_head":1,"minecraft:gravel":2,"minecraft:cobweb":63,"upgrade_aquatic:driftwood_log":2,"minecraft:polished_andesite":4,"minecraft:stone_bricks":1,"minecraft:fern":38},"minecraft:dropped":{"minecraft:spruce_sign":5,"minecraft:iron_sword":1,"butchercraft:beef_scraps":4,"butchercraft:leather_scrap":4,"minecraft:brown_mushroom":2,"vampirism:human_heart":1,"minecraft:baked_potato":3,"minecraft:glass_bottle":2,"mca:bouquet":1,"gothic:cheese":2,"dynamictrees:spruce_seed":16,"minecraft:red_mushroom":4,"paraglider:spirit_orb":27,"minecraft:emerald":11,"minecraft:cobblestone_stairs":1,"minecraft:cyan_terracotta":5,"minecraft:dirt":10,"minecraft:cornflower":1,"minecraft:large_fern":3,"minecraft:cracked_deepslate_tiles":1,"croptopia:sweetpotato_seed":8,"minecraft:gold_nugget":1,"minecraft:bone_meal":10,"minecraft:iron_pickaxe":3,"minecraft:birch_log":16,"minecraft:white_wool":1,"minecraft:bone":4,"minecraft:gold_ingot":9,"minecraft:gravel":4,"minecraft:stone_axe":1,"minecraft:lever":1,"minecraft:iron_nugget":5,"tombstone:gift":2,"vampirism:holy_water_bottle_enhanced":1,"minecraft:rotten_flesh":32,"guideapi_vp:vampirism-guidebook":1,"justhammers:iron_hammer":1,"minecraft:azure_bluet":1,"minecraft:white_bed":1,"evilcraft:flesh_humanoid":2,"minecraft:carrot":17,"minecraft:poppy":6,"minecraft:rabbit_hide":6,"minecraft:leather_chestplate":1,"dtterralith:birch_pine_seed":2,"minecraft:gunpowder":1,"minecraft:beetroot_seeds":24,"create:limestone":16,"minecraft:chest":11,"minecraft:arrow":25,"dtterralith:black_poplar_seed":9,"minecraft:enchanted_book":1,"minecraft:iron_ingot":8,"minecraft:stripped_spruce_log":2,"minecraft:wheat_seeds":78,"butchercraft:pork_scraps":6,"minecraft:mossy_cobblestone":116,"minecraft:feather":6,"minecraft:cobblestone":26,"croptopia:sweetpotato":1,"minecraft:dark_oak_pressure_plate":2,"evilcraft:dark_gem":13,"gothic:meat":5,"dtterralith:dwarf_spruce_seed":3,"minecraft:spruce_stairs":8,"exoticbirds:mystery_egg":1,"vampirism:amulet":2,"bossominium:the_bossdexium":1,"minecraft:stick":64,"minecraft:cobweb":4,"butchercraft:lamb_scraps":3,"blue_skies:frostbright_slab":6,"minecraft:black_candle":2,"minecraft:mossy_cobblestone_slab":1,"minecraft:torch":36,"minecraft:zombie_head":1,"tombstone:grave_dust":7,"minecraft:iron_leggings":2,"minecraft:dead_bush":6,"minecraft:polished_andesite_stairs":2,"minecraft:flowering_azalea":1,"minecraft:mossy_cobblestone_stairs":2,"minecraft:iron_shovel":1,"minecraft:paper":9,"minecraft:string":72,"minecraft:redstone":129,"minecraft:spruce_sapling":5,"croptopia:glowing_calamari":1,"croptopia:yam_seed":4,"minecraft:coarse_dirt":139,"minecraft:stone_sword":1,"minecraft:cobblestone_wall":6,"minecraft:smooth_stone_slab":2,"vampirism:obi_belt":1,"farmersdelight:cabbage_seeds":2,"minecraft:raw_iron":11,"minecraft:experience_bottle":1,"minecraft:stone_shovel":2,"minecraft:light_gray_wool":1,"alexsmobs:ancient_dart":1,"sophisticatedbackpacks:backpack":1,"minecraft:stone_slab":5,"butchercraft:chicken_scraps":1,"minecraft:deepslate_bricks":3,"minecraft:filled_map":1,"minecraft:diamond_sword":2,"minecraft:spruce_planks":9,"minecraft:spruce_trapdoor":14,"minecraft:bundle":4,"minecraft:andesite":1,"minecraft:purple_bed":1,"exoticbirds:raw_birdmeat":21,"minecraft:spider_eye":2,"minecraft:stone_bricks":1,"minecraft:bamboo":1,"minecraft:bow":1,"minecraft:stone_pickaxe":1,"minecraft:wooden_pickaxe":2,"minecraft:calcite":7},"minecraft:killed_by":{"minecraft:cave_spider":1,"minecraft:vex":1,"minecraft:player":1,"gothic:stone_guardian":1,"minecraft:skeleton":1},"minecraft:custom":{"minecraft:interact_with_crafting_table":37,"minecraft:open_barrel":37,"minecraft:bell_ring":5,"minecraft:leave_game":10,"minecraft:time_since_death":38464,"minecraft:damage_resisted":96,"minecraft:sprint_one_cm":1018383,"minecraft:drop":276,"minecraft:talked_to_villager":1,"minecraft:play_time":487005,"minecraft:deaths":6,"minecraft:jump":7693,"minecraft:walk_on_water_one_cm":12384,"minecraft:interact_with_furnace":26,"minecraft:sleep_in_bed":28,"minecraft:waystone_activated":5,"minecraft:damage_dealt":34912,"minecraft:player_kills":6,"minecraft:crouch_one_cm":45340,"tombstone:undead_killed":85,"minecraft:interact_with_smoker":30,"minecraft:inspect_dispenser":1,"minecraft:mob_kills":170,"minecraft:interact_with_campfire":46,"minecraft:damage_dealt_resisted":22,"minecraft:climb_one_cm":32883,"minecraft:walk_one_cm":1458047,"minecraft:damage_dealt_absorbed":1770,"minecraft:sneak_time":14061,"minecraft:walk_under_water_one_cm":2942,"minecraft:boat_one_cm":12289,"minecraft:total_world_time":487005,"minecraft:tune_noteblock":99,"minecraft:time_since_rest":8280,"minecraft:damage_taken":8548,"minecraft:swim_one_cm":2182,"minecraft:fly_one_cm":1768746,"minecraft:open_chest":426,"minecraft:fall_one_cm":165952},"minecraft:killed":{"minecraft:cave_spider":10,"minecraft:spider":18,"alexsmobs:snow_leopard":6,"grimoireofgaia:minotaurus":2,"minecraft:skeleton":68,"grimoireofgaia:mimic":2,"minecraft:chicken":2,"vampirism:advanced_hunter":2,"gothic:molerat":2,"minecraft:cat":2,"minecraft:magma_cube":4,"sleep_tight:bedbug":2,"minecraft:pig":4,"alexsmobs:seal":2,"minecraft:creeper":2,"vampirism:hunter":2,"exoticbirds:penguin":4,"minecraft:sheep":4,"gothic:scavenger":4,"minecraft:zombie":92,"grimoireofgaia:harpy":4,"alexsmobs:fly":4,"minecraft:cow":8,"gothic:npc_oldcamp_hunter":2,"exoticbirds:pelican":2,"grimoireofgaia:satyress":2,"grimoireofgaia:centaur":2,"minecraft:horse":10,"hmag:zombie_girl":10,"naturalist:bluejay":2,"exoticbirds:flamingo":8,"gothic:scavenger_young":6,"gothic:ice_wolf":2,"exoticbirds:pigeon":6,"alexsmobs:crow":4,"minecraft:player":4},"minecraft:picked_up":{"minecraft:redstone_block":1,"minecraft:anvil":1,"minecraft:smithing_table":1,"minecraft:stone_slab":5,"minecraft:diamond_sword":3,"minecraft:oak_stairs":1,"minecraft:potion":1,"minecraft:enchanted_book":18,"butchercraft:pork_scraps":6,"domesticationinnovation:pet_bed_purple":2,"minecraft:dark_oak_pressure_plate":2,"minecraft:string":137,"minecraft:raw_copper":29,"create:limestone":16,"minecraft:smooth_stone_slab":7,"minecraft:iron_leggings":4,"minecraft:sticky_piston":7,"minecraft:experience_bottle":1,"minecraft:zombie_head":1,"minecraft:gold_nugget":3,"minecraft:bucket":2,"minecraft:spruce_planks":9,"minecraft:cobblestone_slab":14,"minecraft:calcite":17,"minecraft:iron_pickaxe":1,"dynamictrees:oak_seed":11,"minecraft:iron_boots":1,"minecraft:furnace":1,"minecraft:stick":299,"minecraft:torch":62,"minecraft:spruce_stairs":19,"paraglider:kakariko_goddess_statue":5,"oaks_decor:throwable_pebble":2,"vampirism:holy_water_bottle_enhanced":1,"tombstone:grave_dust":18,"vampirism:amulet":3,"minecraft:stone_sword":1,"minecraft:rotten_flesh":78,"minecraft:cyan_terracotta":5,"minecraft:white_terracotta":1,"minecraft:deepslate_brick_stairs":1,"blue_skies:frostbright_slab":14,"minecraft:snowball":1,"minecraft:cobblestone":648,"paraglider:paraglider":1,"minecraft:birch_log":21,"minecraft:mossy_cobblestone_slab":1,"minecraft:leather_chestplate":2,"minecraft:feather":27,"minecraft:andesite":34,"dtterralith:dwarf_pine_seed":2,"minecraft:smoker":2,"minecraft:potato":16,"paraglider:spirit_orb":52,"create:raw_zinc":2,"evilcraft:flesh_humanoid":3,"minecraft:lapis_lazuli":3,"minecraft:dirt":590,"minecraft:lantern":23,"minecraft:name_tag":3,"minecraft:bone":122,"blue_skies:frostbright_chest":1,"croptopia:sweetpotato":1,"minecraft:bow":1,"minecraft:stonecutter":1,"minecraft:wheat_seeds":98,"aquamirae:wisteria_niveis":4,"minecraft:grindstone":1,"gothic:ornament_part":1,"dtterralith:birch_pine_seed":3,"hmag:soul_powder":7,"gothic:meat_cooked":2,"minecraft:stripped_spruce_log":4,"minecraft:dead_bush":6,"dtterralith:dwarf_spruce_seed":5,"minecraft:barrel":3,"alexsmobs:animal_dictionary":1,"minecraft:mossy_cobblestone":120,"minecraft:bundle":4,"minecraft:iron_hoe":1,"luphieclutteredmod:luphie_cardboard_box_open":1,"minecraft:diamond":1,"minecraft:spruce_boat":1,"minecraft:lever":1,"minecraft:soul_lantern":2,"waystones:waystone":3,"minecraft:polished_blackstone_button":1,"gothic:scavenger_egg":2,"minecraft:bone_meal":10,"minecraft:golden_apple":3,"minecraft:spruce_sign":8,"minecraft:emerald":7,"minecraft:bread":8,"minecraft:light_gray_carpet":2,"atlantis:aquamarine_gem":2,"mca:bouquet":2,"croptopia:toast":22,"minecraft:charcoal":2,"minecraft:coarse_dirt":579,"minecraft:crafting_table":8,"minecraft:azure_bluet":1,"croptopia:sweetpotato_seed":8,"minecraft:redstone_lamp":4,"minecraft:leather_leggings":1,"minecraft:brown_mushroom":2,"dynamictrees:spruce_seed":21,"minecraft:wooden_pickaxe":1,"minecraft:gold_block":3,"blue_skies:frostbright_door":5,"gothic:waterpipe":2,"minecraft:cornflower":1,"minecraft:large_fern":2,"minecraft:iron_shovel":7,"minecraft:candle":15,"minecraft:iron_nugget":4,"minecraft:poppy":14,"minecraft:light_gray_wool":1,"minecraft:minecart":2,"minecraft:lectern":1,"blue_skies:frostbright_stairs":15,"minecraft:chest":32,"minecraft:spruce_trapdoor":14,"minecraft:raw_copper_block":3,"exoticbirds:penguin_egg":6,"minecraft:raw_iron":29,"minecraft:carrot":32,"minecraft:redstone":65,"croptopia:yam_seed":4,"hexerei:sage_seed":9,"butchercraft:chicken_scraps":1,"minecraft:arrow":46,"minecraft:stone_shovel":2,"minecraft:beetroot_seeds":24,"upgrade_aquatic:driftwood_log":2,"minecraft:deepslate_bricks":6,"minecraft:saddle":4,"minecraft:gold_ingot":10,"butchercraft:beef_scraps":7,"exoticbirds:raw_birdmeat":30,"minecraft:white_wool":107,"minecraft:oxeye_daisy":2,"minecraft:cracked_deepslate_tiles":1,"minecraft:leather":9,"croptopia:glowing_calamari":1,"blue_skies:frostbright_planks":6,"minecraft:red_mushroom":4,"minecraft:filled_map":1,"minecraft:cobblestone_wall":45,"oaks_decor:sand_castles":5,"minecraft:gunpowder":1,"minecraft:cobblestone_stairs":18,"mca:book_romance":2,"minecraft:paper":18,"minecraft:blue_bed":5,"dtterralith:black_poplar_seed":12,"tombstone:gift":3,"vampirism:human_heart":1,"minecraft:apple":12,"minecraft:stone_bricks":1,"minecraft:rabbit_hide":3,"minecraft:iron_ingot":2,"minecraft:cobweb":4,"minecraft:gray_bed":1,"minecraft:iron_sword":12,"minecraft:flowering_azalea":1,"minecraft:book":7,"minecraft:polished_andesite_stairs":2,"minecraft:black_candle":2,"minecraft:sweet_berries":34,"vampirism:fire_place":1,"minecraft:dandelion":6,"blue_skies:frostbright_trapdoor":3,"gothic:cheese":1,"minecraft:gravel":4,"minecraft:blast_furnace":2,"minecraft:white_bed":14,"minecraft:spruce_log":347,"minecraft:spruce_door":3,"minecraft:spider_eye":5,"butchercraft:leather_scrap":9,"gothic:meat":11,"minecraft:purple_bed":6,"minecraft:stone_axe":1,"evilcraft:dark_gem":13,"minecraft:iron_helmet":1,"butchercraft:lamb_scraps":3,"minecraft:mossy_cobblestone_stairs":4,"exoticbirds:pelican_egg":1,"minecraft:baked_potato":25,"minecraft:coal":45,"blue_skies:frostbright_ladder":4}},"DataVersion":3120}