{"stats":{"minecraft:dropped":{"minecraft:iron_sword":1,"butchercraft:beef_scraps":4,"butchercraft:leather_scrap":4,"minecraft:brown_mushroom":2,"minecraft:glass_bottle":2,"gothic:cheese":1,"minecraft:red_mushroom":4,"paraglider:spirit_orb":27,"minecraft:emerald":11,"minecraft:cyan_terracotta":5,"minecraft:dirt":10,"minecraft:cornflower":1,"minecraft:cracked_deepslate_tiles":1,"croptopia:sweetpotato_seed":6,"minecraft:bone_meal":10,"minecraft:iron_pickaxe":2,"minecraft:white_wool":1,"minecraft:gold_ingot":5,"minecraft:bone":4,"minecraft:stone_axe":1,"minecraft:lever":1,"minecraft:iron_nugget":4,"tombstone:gift":2,"vampirism:holy_water_bottle_enhanced":1,"minecraft:rotten_flesh":31,"guideapi_vp:vampirism-guidebook":1,"minecraft:white_bed":1,"evilcraft:flesh_humanoid":2,"minecraft:carrot":17,"minecraft:rabbit_hide":6,"minecraft:poppy":3,"minecraft:leather_chestplate":1,"minecraft:gunpowder":1,"minecraft:beetroot_seeds":24,"create:limestone":16,"minecraft:chest":11,"minecraft:arrow":24,"minecraft:enchanted_book":1,"minecraft:iron_ingot":8,"butchercraft:pork_scraps":6,"minecraft:wheat_seeds":48,"minecraft:mossy_cobblestone":4,"minecraft:feather":3,"minecraft:cobblestone":16,"croptopia:sweetpotato":1,"evilcraft:dark_gem":13,"gothic:meat":4,"vampirism:amulet":2,"exoticbirds:mystery_egg":1,"bossominium:the_bossdexium":1,"minecraft:cobweb":4,"butchercraft:lamb_scraps":3,"minecraft:black_candle":2,"blue_skies:frostbright_slab":6,"minecraft:torch":17,"minecraft:zombie_head":1,"tombstone:grave_dust":7,"minecraft:iron_leggings":1,"minecraft:dead_bush":6,"minecraft:polished_andesite_stairs":2,"minecraft:flowering_azalea":1,"minecraft:mossy_cobblestone_stairs":2,"minecraft:paper":9,"minecraft:string":72,"croptopia:glowing_calamari":1,"croptopia:yam_seed":4,"minecraft:redstone":129,"minecraft:stone_sword":1,"minecraft:smooth_stone_slab":2,"vampirism:obi_belt":1,"minecraft:raw_iron":11,"minecraft:experience_bottle":1,"minecraft:stone_shovel":2,"minecraft:light_gray_wool":1,"alexsmobs:ancient_dart":1,"sophisticatedbackpacks:backpack":1,"minecraft:deepslate_bricks":3,"minecraft:bundle":4,"exoticbirds:raw_birdmeat":17,"minecraft:stone_bricks":1,"minecraft:spider_eye":2,"minecraft:bamboo":1,"minecraft:bow":1,"minecraft:stone_pickaxe":1,"minecraft:wooden_pickaxe":2,"minecraft:calcite":1},"minecraft:mined":{"minecraft:white_bed":13,"minecraft:cobblestone_stairs":1,"minecraft:grass_block":7,"minecraft:deepslate_bricks":3,"minecraft:chiseled_stone_bricks":1,"minecraft:spawner":16,"minecraft:mossy_cobblestone_stairs":1,"minecraft:iron_ore":3,"minecraft:anvil":1,"minecraft:flowering_azalea_leaves":1,"minecraft:iron_bars":2,"minecraft:deepslate_brick_stairs":1,"minecraft:black_candle":1,"create:limestone":9,"minecraft:spruce_slab":1,"farmersdelight:wild_potatoes":13,"minecraft:tripwire":3,"oaks_decor:sand_castles":1,"minecraft:cyan_terracotta":1,"minecraft:torch":12,"minecraft:blast_furnace":2,"minecraft:calcite":2,"minecraft:chest":15,"minecraft:white_stained_glass_pane":1,"minecraft:cobblestone":39,"minecraft:grindstone":1,"minecraft:wall_torch":4,"minecraft:deepslate_copper_ore":5,"realmrpg_skeletons:bow_skeleton":1,"vampirism:totem_top":1,"aquamirae:wisteria_niveis":4,"paraglider:kakariko_goddess_statue":3,"minecraft:smooth_stone_slab":3,"minecraft:grass":50,"minecraft:cracked_deepslate_tiles":1,"blue_skies:frostbright_door":3,"minecraft:dirt":6,"structure_gel:dynamic_spawner":2,"minecraft:raw_copper_block":3,"minecraft:redstone_lamp":4,"minecraft:light_blue_stained_glass_pane":1,"minecraft:mossy_cobblestone":7,"minecraft:gray_stained_glass_pane":1,"gothic:waterpipe":1,"gothic:scavenger_grilled":1,"gothic:ornament_part":1,"minecraft:stripped_spruce_log":1,"minecraft:vine":2,"minecraft:lantern":9,"minecraft:packed_ice":6,"minecraft:stone":35,"minecraft:white_wool":52,"supplementaries:wall_lantern":7,"minecraft:smithing_table":1,"minecraft:podzol":1,"minecraft:redstone_block":1,"minecraft:spruce_door":3,"croptopia:sweetpotato_crop":1,"minecraft:crafting_table":4,"minecraft:campfire":1,"gothic:scavenger_eggs":1,"minecraft:tall_grass":30,"oaks_decor:sand_castle":4,"gothic:innos_statue":1,"minecraft:coal_ore":4,"minecraft:zombie_head":1,"minecraft:cobweb":46,"upgrade_aquatic:driftwood_log":2,"minecraft:stone_bricks":1,"minecraft:polished_andesite":4,"minecraft:fern":2},"minecraft:killed_by":{"minecraft:cave_spider":1,"minecraft:vex":1,"gothic:stone_guardian":1,"minecraft:skeleton":1},"minecraft:picked_up":{"minecraft:redstone_block":1,"minecraft:anvil":1,"minecraft:smithing_table":1,"minecraft:diamond_sword":1,"minecraft:enchanted_book":7,"butchercraft:pork_scraps":6,"minecraft:string":118,"minecraft:raw_copper":17,"create:limestone":16,"minecraft:smooth_stone_slab":3,"minecraft:iron_leggings":3,"minecraft:sticky_piston":7,"minecraft:experience_bottle":1,"minecraft:zombie_head":1,"minecraft:gold_nugget":1,"minecraft:spruce_planks":1,"minecraft:calcite":1,"minecraft:iron_pickaxe":1,"minecraft:iron_boots":1,"minecraft:stick":21,"minecraft:torch":44,"paraglider:kakariko_goddess_statue":3,"oaks_decor:throwable_pebble":1,"vampirism:holy_water_bottle_enhanced":1,"tombstone:grave_dust":14,"vampirism:amulet":1,"minecraft:stone_sword":1,"minecraft:rotten_flesh":54,"minecraft:cyan_terracotta":5,"minecraft:deepslate_brick_stairs":1,"blue_skies:frostbright_slab":6,"minecraft:snowball":1,"minecraft:cobblestone":101,"minecraft:leather_chestplate":2,"minecraft:feather":13,"minecraft:andesite":4,"minecraft:potato":16,"paraglider:spirit_orb":31,"evilcraft:flesh_humanoid":2,"minecraft:dirt":43,"minecraft:lantern":16,"minecraft:bone":53,"croptopia:sweetpotato":1,"minecraft:bow":1,"minecraft:wheat_seeds":32,"aquamirae:wisteria_niveis":4,"minecraft:grindstone":1,"gothic:ornament_part":1,"gothic:meat_cooked":2,"minecraft:stripped_spruce_log":1,"minecraft:dead_bush":6,"minecraft:mossy_cobblestone":7,"minecraft:bundle":4,"minecraft:diamond":1,"waystones:waystone":2,"minecraft:lever":1,"minecraft:polished_blackstone_button":1,"gothic:scavenger_egg":2,"minecraft:bone_meal":10,"minecraft:golden_apple":1,"minecraft:emerald":7,"croptopia:toast":22,"minecraft:crafting_table":3,"dynamictrees:spruce_seed":1,"minecraft:leather_leggings":1,"minecraft:redstone_lamp":4,"minecraft:brown_mushroom":2,"croptopia:sweetpotato_seed":6,"minecraft:wooden_pickaxe":1,"blue_skies:frostbright_door":1,"gothic:waterpipe":1,"minecraft:cornflower":1,"minecraft:iron_shovel":2,"minecraft:minecart":1,"minecraft:poppy":4,"minecraft:light_gray_wool":1,"minecraft:chest":13,"minecraft:raw_copper_block":3,"exoticbirds:penguin_egg":4,"minecraft:raw_iron":13,"minecraft:carrot":22,"minecraft:redstone":65,"croptopia:yam_seed":4,"minecraft:stone_shovel":2,"minecraft:arrow":44,"minecraft:beetroot_seeds":24,"upgrade_aquatic:driftwood_log":2,"minecraft:deepslate_bricks":6,"minecraft:saddle":2,"minecraft:gold_ingot":5,"butchercraft:beef_scraps":7,"minecraft:white_wool":54,"exoticbirds:raw_birdmeat":27,"minecraft:cracked_deepslate_tiles":1,"minecraft:leather":4,"croptopia:glowing_calamari":1,"minecraft:red_mushroom":4,"minecraft:gunpowder":1,"oaks_decor:sand_castles":5,"minecraft:cobblestone_stairs":1,"mca:book_romance":1,"minecraft:blue_bed":1,"dtterralith:black_poplar_seed":3,"tombstone:gift":3,"minecraft:apple":12,"minecraft:stone_bricks":1,"minecraft:rabbit_hide":3,"minecraft:iron_ingot":2,"minecraft:cobweb":4,"minecraft:gray_bed":1,"minecraft:iron_sword":7,"minecraft:flowering_azalea":1,"minecraft:polished_andesite_stairs":2,"minecraft:black_candle":2,"minecraft:sweet_berries":20,"minecraft:blast_furnace":2,"minecraft:white_bed":14,"minecraft:spruce_log":18,"minecraft:spider_eye":4,"minecraft:spruce_door":2,"butchercraft:leather_scrap":4,"gothic:meat":8,"minecraft:stone_axe":1,"evilcraft:dark_gem":13,"minecraft:iron_helmet":1,"butchercraft:lamb_scraps":3,"minecraft:mossy_cobblestone_stairs":4,"exoticbirds:pelican_egg":1,"minecraft:baked_potato":16,"minecraft:coal":24},"minecraft:custom":{"minecraft:interact_with_crafting_table":20,"minecraft:open_barrel":29,"minecraft:bell_ring":5,"minecraft:leave_game":4,"minecraft:time_since_death":816,"minecraft:damage_resisted":96,"minecraft:sprint_one_cm":555262,"minecraft:drop":179,"minecraft:play_time":251818,"minecraft:deaths":5,"minecraft:jump":4127,"minecraft:walk_on_water_one_cm":10513,"minecraft:interact_with_furnace":9,"minecraft:sleep_in_bed":11,"minecraft:waystone_activated":2,"minecraft:damage_dealt":30018,"minecraft:player_kills":2,"minecraft:crouch_one_cm":19216,"tombstone:undead_killed":84,"minecraft:interact_with_smoker":10,"minecraft:inspect_dispenser":1,"minecraft:mob_kills":143,"minecraft:interact_with_campfire":38,"minecraft:damage_dealt_resisted":22,"minecraft:climb_one_cm":30853,"minecraft:walk_one_cm":730090,"minecraft:damage_dealt_absorbed":463,"minecraft:sneak_time":6268,"minecraft:walk_under_water_one_cm":2942,"minecraft:total_world_time":251818,"minecraft:tune_noteblock":99,"minecraft:time_since_rest":593,"minecraft:damage_taken":6257,"minecraft:swim_one_cm":2182,"minecraft:fly_one_cm":984291,"minecraft:open_chest":163,"minecraft:fall_one_cm":98396},"minecraft:broken":{"minecraft:leather_leggings":1,"minecraft:iron_boots":1,"minecraft:iron_sword":3},"minecraft:crafted":{"luphieclutteredmod:luphie_cardboard_box_open":1,"minecraft:raw_copper":27,"minecraft:cooked_rabbit":7,"sophisticatedbackpacks:backpack":2,"minecraft:cooked_porkchop":6,"minecraft:crafting_table":3,"minecraft:spruce_planks":40,"minecraft:wooden_pickaxe":1,"minecraft:baked_potato":5,"minecraft:spruce_door":3,"butchercraft:cooked_beef_scraps":12,"minecraft:stick":12,"minecraft:iron_ingot":1,"minecraft:iron_pickaxe":1,"minecraft:shears":1,"minecraft:redstone":9,"minecraft:iron_axe":2,"minecraft:stone_pickaxe":1,"minecraft:spruce_boat":1,"upgrade_aquatic:driftwood_planks":8,"sophisticatedbackpacks:iron_backpack":1,"minecraft:cooked_beef":2,"farmersdelight:honey_cookie":16,"minecraft:cooked_cod":2,"minecraft:iron_sword":4,"minecraft:air":0,"exoticbirds:cooked_birdmeat":4,"minecraft:iron_leggings":1},"minecraft:killed":{"minecraft:cave_spider":10,"minecraft:spider":8,"alexsmobs:snow_leopard":4,"grimoireofgaia:minotaurus":2,"minecraft:skeleton":68,"vampirism:advanced_hunter":2,"gothic:molerat":2,"minecraft:cat":2,"minecraft:magma_cube":4,"minecraft:pig":4,"alexsmobs:seal":2,"minecraft:creeper":2,"exoticbirds:penguin":4,"minecraft:sheep":4,"gothic:scavenger":4,"minecraft:zombie":90,"grimoireofgaia:harpy":2,"minecraft:cow":8,"gothic:npc_oldcamp_hunter":2,"exoticbirds:pelican":2,"grimoireofgaia:satyress":2,"minecraft:horse":10,"hmag:zombie_girl":10,"naturalist:bluejay":2,"exoticbirds:flamingo":8,"gothic:scavenger_young":6,"exoticbirds:pigeon":6,"alexsmobs:crow":4,"minecraft:player":1},"minecraft:used":{"minecraft:iron_shovel":7,"minecraft:poppy":1,"minecraft:iron_sword":777,"minecraft:mutton":1,"minecraft:snowball":1,"minecraft:milk_bucket":2,"exoticbirds:raw_birdmeat":6,"minecraft:lantern":16,"minecraft:redstone_lamp":1,"minecraft:sweet_berries":2,"minecraft:cooked_cod":2,"minecraft:gray_bed":1,"minecraft:potato":23,"dynamictrees:spruce_seed":1,"minecraft:leather_leggings":1,"minecraft:spruce_door":5,"minecraft:stone_pickaxe":13,"minecraft:leather_chestplate":1,"minecraft:wooden_pickaxe":10,"butchercraft:cooked_beef_scraps":12,"minecraft:blue_bed":1,"gothic:lamb_sausage":5,"gothic:meat_cooked":5,"hmag:randomberry":3,"gothic:cheese":3,"minecraft:shears":53,"minecraft:deepslate_brick_stairs":1,"waystones:waystone":2,"farmersdelight:honey_cookie":16,"minecraft:bread":5,"paraglider:kakariko_goddess_statue":3,"minecraft:lectern":1,"croptopia:toast":22,"exoticbirds:cooked_birdmeat":4,"minecraft:diamond_sword":20,"minecraft:cooked_rabbit":7,"blue_skies:frostbright_door":1,"minecraft:torch":16,"minecraft:dirt":33,"minecraft:iron_axe":80,"exoticbirds:pelican_egg":1,"tombstone:gift":5,"minecraft:cooked_beef":1,"minecraft:iron_leggings":1,"minecraft:cobblestone_stairs":1,"aquamirae:wisteria_niveis":1,"minecraft:baked_potato":21,"minecraft:deepslate_bricks":3,"upgrade_aquatic:driftwood_planks":7,"minecraft:mossy_cobblestone":3,"minecraft:crafting_table":5,"minecraft:white_bed":11,"oaks_decor:sand_castles":1,"minecraft:apple":18,"minecraft:iron_pickaxe":166,"luphieclutteredmod:luphie_cardboard_box_open":1,"minecraft:cobblestone":67,"minecraft:cooked_porkchop":6,"exoticbirds:penguin_egg":1,"minecraft:pumpkin_pie":1,"dtterralith:black_poplar_seed":3,"minecraft:polished_blackstone_button":1,"minecraft:splash_potion":1}},"DataVersion":3120}