{"stats":{"minecraft:crafted":{"minecraft:redstone":9,"minecraft:iron_axe":1,"minecraft:stone_pickaxe":1,"upgrade_aquatic:driftwood_planks":8,"minecraft:crafting_table":2,"minecraft:spruce_planks":16,"minecraft:wooden_pickaxe":1,"minecraft:stick":12,"minecraft:iron_pickaxe":1},"minecraft:custom":{"minecraft:mob_kills":24,"minecraft:interact_with_crafting_table":6,"minecraft:open_barrel":15,"minecraft:interact_with_campfire":38,"minecraft:bell_ring":5,"minecraft:leave_game":2,"minecraft:time_since_death":25880,"minecraft:climb_one_cm":28950,"minecraft:sprint_one_cm":115370,"minecraft:walk_one_cm":195747,"minecraft:drop":22,"minecraft:play_time":67515,"minecraft:deaths":2,"minecraft:sneak_time":1909,"minecraft:walk_under_water_one_cm":835,"minecraft:jump":1109,"minecraft:walk_on_water_one_cm":1718,"minecraft:total_world_time":67515,"minecraft:tune_noteblock":99,"minecraft:sleep_in_bed":2,"minecraft:time_since_rest":1486,"minecraft:waystone_activated":2,"minecraft:damage_taken":2397,"minecraft:damage_dealt":6338,"minecraft:swim_one_cm":2182,"minecraft:fly_one_cm":239542,"minecraft:player_kills":1,"minecraft:open_chest":34,"minecraft:crouch_one_cm":5194,"tombstone:undead_killed":11,"minecraft:fall_one_cm":28577,"minecraft:inspect_dispenser":1},"minecraft:killed_by":{"gothic:stone_guardian":1},"minecraft:used":{"minecraft:iron_sword":254,"minecraft:torch":8,"minecraft:dirt":6,"exoticbirds:raw_birdmeat":6,"minecraft:lantern":2,"minecraft:iron_axe":7,"minecraft:redstone_lamp":1,"minecraft:sweet_berries":2,"tombstone:gift":4,"minecraft:potato":23,"dynamictrees:spruce_seed":1,"minecraft:leather_leggings":1,"minecraft:cobblestone_stairs":1,"minecraft:stone_pickaxe":13,"minecraft:baked_potato":7,"minecraft:leather_chestplate":1,"minecraft:wooden_pickaxe":10,"minecraft:deepslate_bricks":3,"upgrade_aquatic:driftwood_planks":7,"gothic:lamb_sausage":3,"minecraft:crafting_table":3,"hmag:randomberry":3,"gothic:cheese":2,"minecraft:white_bed":2,"minecraft:deepslate_brick_stairs":1,"waystones:waystone":2,"minecraft:apple":1,"minecraft:bread":5,"minecraft:iron_pickaxe":25,"paraglider:kakariko_goddess_statue":1,"croptopia:toast":12,"minecraft:pumpkin_pie":1,"dtterralith:black_poplar_seed":2,"minecraft:polished_blackstone_button":1},"minecraft:killed":{"grimoireofgaia:satyress":2,"minecraft:skeleton":22,"minecraft:cat":2,"minecraft:magma_cube":4,"naturalist:bluejay":2,"alexsmobs:seal":2,"exoticbirds:flamingo":8,"gothic:scavenger_young":4,"exoticbirds:pigeon":2,"alexsmobs:crow":2,"gothic:npc_oldcamp_hunter":2},"minecraft:mined":{"minecraft:light_blue_stained_glass_pane":1,"minecraft:white_bed":5,"minecraft:cobblestone_stairs":1,"minecraft:grass_block":4,"minecraft:deepslate_bricks":3,"minecraft:chiseled_stone_bricks":1,"gothic:ornament_part":1,"minecraft:spawner":3,"minecraft:iron_ore":1,"minecraft:stripped_spruce_log":1,"minecraft:anvil":1,"minecraft:vine":2,"minecraft:iron_bars":2,"minecraft:lantern":2,"minecraft:deepslate_brick_stairs":1,"minecraft:packed_ice":4,"minecraft:stone":6,"supplementaries:wall_lantern":1,"minecraft:spruce_slab":1,"minecraft:tripwire":3,"minecraft:smithing_table":1,"minecraft:podzol":1,"minecraft:redstone_block":1,"minecraft:crafting_table":1,"minecraft:torch":8,"minecraft:blast_furnace":2,"minecraft:chest":1,"minecraft:white_stained_glass_pane":1,"minecraft:cobblestone":1,"minecraft:grindstone":1,"minecraft:wall_torch":1,"gothic:innos_statue":1,"realmrpg_skeletons:bow_skeleton":1,"vampirism:totem_top":1,"paraglider:kakariko_goddess_statue":3,"minecraft:grass":6,"minecraft:cracked_deepslate_tiles":1,"minecraft:coal_ore":4,"minecraft:dirt":1,"upgrade_aquatic:driftwood_log":2,"minecraft:redstone_lamp":4},"minecraft:broken":{"minecraft:iron_sword":1},"minecraft:dropped":{"minecraft:enchanted_book":1,"vampirism:amulet":2,"exoticbirds:mystery_egg":1,"bossominium:the_bossdexium":1,"paraglider:spirit_orb":1,"minecraft:cracked_deepslate_tiles":1,"minecraft:string":4,"minecraft:lever":1,"minecraft:iron_nugget":4,"guideapi_vp:vampirism-guidebook":1,"evilcraft:flesh_humanoid":1,"minecraft:deepslate_bricks":3,"minecraft:leather_chestplate":1,"exoticbirds:raw_birdmeat":4,"minecraft:arrow":4,"minecraft:bow":1,"minecraft:stone_pickaxe":1,"minecraft:wooden_pickaxe":2},"minecraft:picked_up":{"croptopia:toast":22,"minecraft:crafting_table":1,"minecraft:redstone_block":1,"minecraft:anvil":1,"minecraft:redstone_lamp":4,"minecraft:leather_leggings":1,"minecraft:smithing_table":1,"dynamictrees:spruce_seed":1,"minecraft:wooden_pickaxe":1,"minecraft:enchanted_book":2,"minecraft:string":4,"minecraft:chest":1,"minecraft:raw_iron":1,"minecraft:stick":14,"minecraft:torch":8,"paraglider:kakariko_goddess_statue":3,"vampirism:amulet":1,"minecraft:arrow":22,"upgrade_aquatic:driftwood_log":2,"minecraft:deepslate_bricks":6,"minecraft:deepslate_brick_stairs":1,"exoticbirds:raw_birdmeat":10,"minecraft:cobblestone":3,"minecraft:cracked_deepslate_tiles":1,"minecraft:leather_chestplate":2,"minecraft:feather":8,"paraglider:spirit_orb":6,"evilcraft:flesh_humanoid":1,"minecraft:cobblestone_stairs":1,"minecraft:dirt":6,"dtterralith:black_poplar_seed":2,"minecraft:lantern":3,"tombstone:gift":1,"minecraft:bone":18,"minecraft:bow":1,"minecraft:grindstone":1,"minecraft:iron_sword":1,"gothic:ornament_part":1,"minecraft:sweet_berries":4,"minecraft:stripped_spruce_log":1,"minecraft:blast_furnace":2,"minecraft:white_bed":5,"minecraft:spruce_log":15,"minecraft:bundle":1,"gothic:meat":1,"waystones:waystone":2,"minecraft:lever":1,"minecraft:polished_blackstone_button":1,"minecraft:baked_potato":15,"minecraft:coal":4}},"DataVersion":3120}