{"stats":{"minecraft:crafted":{"minecraft:cobblestone_slab":24,"croptopia:toast":7,"minecraft:stone":123,"minecraft:cobblestone_stairs":20,"luphieclutteredmod:luphie_cardboard_box_open":1,"minecraft:raw_copper":27,"minecraft:stone_hoe":3,"minecraft:stone_bricks":60,"minecraft:cooked_rabbit":7,"sophisticatedbackpacks:backpack":2,"minecraft:cooked_porkchop":6,"minecraft:crafting_table":3,"minecraft:spruce_planks":40,"minecraft:wooden_pickaxe":1,"minecraft:baked_potato":177,"minecraft:spruce_door":3,"minecraft:gold_block":1,"minecraft:birch_planks":36,"butchercraft:cooked_beef_scraps":12,"minecraft:stick":12,"minecraft:iron_pickaxe":2,"minecraft:iron_ingot":17,"minecraft:gold_ingot":27,"minecraft:shears":1,"butchercraft:cooked_lamb_scraps":6,"minecraft:redstone":9,"minecraft:furnace":2,"minecraft:spruce_stairs":4,"minecraft:iron_axe":3,"minecraft:stone_pickaxe":1,"minecraft:cobblestone_wall":24,"minecraft:spruce_boat":1,"mca:whistle":1,"upgrade_aquatic:driftwood_planks":8,"sophisticatedbackpacks:iron_backpack":1,"minecraft:cooked_beef":2,"farmersdelight:honey_cookie":16,"minecraft:cooked_cod":2,"minecraft:iron_sword":4,"minecraft:air":0,"justhammers:iron_hammer":6,"exoticbirds:cooked_birdmeat":4,"minecraft:iron_shovel":5,"minecraft:iron_leggings":1,"minecraft:torch":108},"minecraft:custom":{"minecraft:interact_with_crafting_table":51,"minecraft:open_barrel":37,"minecraft:bell_ring":5,"minecraft:leave_game":13,"minecraft:time_since_death":13451,"minecraft:damage_resisted":296,"minecraft:sprint_one_cm":1259822,"minecraft:drop":281,"minecraft:talked_to_villager":1,"minecraft:play_time":584496,"minecraft:deaths":8,"minecraft:jump":9406,"minecraft:walk_on_water_one_cm":14584,"minecraft:interact_with_furnace":58,"minecraft:sleep_in_bed":34,"minecraft:waystone_activated":6,"minecraft:damage_dealt":42223,"minecraft:player_kills":6,"minecraft:crouch_one_cm":48835,"tombstone:undead_killed":96,"minecraft:interact_with_smoker":35,"minecraft:inspect_dispenser":1,"minecraft:mob_kills":198,"minecraft:interact_with_campfire":46,"minecraft:damage_dealt_resisted":22,"minecraft:climb_one_cm":32883,"minecraft:walk_one_cm":1845080,"minecraft:damage_dealt_absorbed":1779,"minecraft:sneak_time":15119,"minecraft:walk_under_water_one_cm":3028,"minecraft:boat_one_cm":12289,"minecraft:interact_with_blast_furnace":6,"minecraft:total_world_time":584496,"tombstone:raider_killed":1,"minecraft:tune_noteblock":99,"minecraft:time_since_rest":11512,"minecraft:damage_taken":10839,"minecraft:swim_one_cm":2804,"minecraft:fly_one_cm":2078931,"minecraft:open_chest":512,"minecraft:fall_one_cm":195627},"minecraft:broken":{"minecraft:iron_shovel":7,"minecraft:leather_leggings":1,"minecraft:iron_boots":2,"minecraft:iron_chestplate":1,"minecraft:iron_sword":3,"justhammers:iron_hammer":2,"minecraft:stone_hoe":3,"minecraft:iron_axe":1,"minecraft:iron_pickaxe":2,"minecraft:iron_helmet":1},"minecraft:mined":{"minecraft:spruce_planks":8,"minecraft:white_bed":14,"dtterralith:birch_pine_sapling":1,"dtterralith:spruce_short_conifer_leaves":5,"minecraft:cobblestone_stairs":16,"minecraft:spruce_trapdoor":12,"minecraft:grass_block":843,"minecraft:deepslate_bricks":3,"minecraft:chiseled_stone_bricks":1,"minecraft:spawner":16,"realmrpg_skeletons:dungeon_crawler_skeleton":1,"minecraft:mossy_cobblestone_stairs":1,"minecraft:iron_ore":46,"minecraft:barrel":1,"minecraft:anvil":1,"minecraft:flowering_azalea_leaves":1,"minecraft:dirt_path":33,"minecraft:iron_bars":2,"minecraft:deepslate_brick_stairs":1,"minecraft:black_candle":1,"create:limestone":9,"minecraft:spruce_slab":1,"minecraft:tripwire":3,"farmersdelight:wild_potatoes":13,"oaks_decor:sand_castles":1,"dtterralith:birch_short_conifer_leaves":7,"minecraft:cyan_terracotta":1,"minecraft:smoker":3,"minecraft:torch":34,"minecraft:blast_furnace":2,"minecraft:calcite":17,"minecraft:poppy":9,"minecraft:chest":36,"minecraft:white_stained_glass_pane":1,"minecraft:cobblestone":285,"minecraft:grindstone":1,"minecraft:wall_torch":11,"minecraft:deepslate_copper_ore":5,"minecraft:white_terracotta":1,"realmrpg_skeletons:bow_skeleton":1,"vampirism:totem_top":1,"aquamirae:wisteria_niveis":4,"paraglider:kakariko_goddess_statue":7,"minecraft:smooth_stone_slab":3,"minecraft:grass":257,"minecraft:cracked_deepslate_tiles":1,"minecraft:dirt":393,"blue_skies:frostbright_door":4,"structure_gel:dynamic_spawner":2,"minecraft:raw_copper_block":3,"minecraft:stonecutter":2,"minecraft:redstone_lamp":4,"create:zinc_ore":12,"minecraft:light_blue_stained_glass_pane":1,"minecraft:mossy_cobblestone":67,"minecraft:candle":2,"gothic:waterpipe":2,"minecraft:gray_stained_glass_pane":1,"minecraft:dark_oak_pressure_plate":1,"gothic:cave_mushrooms":1,"gothic:scavenger_grilled":1,"luphieclutteredmod:luphie_cardboard_box_open":1,"gothic:ornament_part":1,"blue_skies:frostbright_bookshelf":2,"minecraft:large_fern":12,"minecraft:furnace":2,"dynamictrees:oak_undergrowth_leaves":29,"minecraft:andesite":29,"minecraft:stripped_spruce_log":1,"minecraft:potatoes":7,"minecraft:cobblestone_slab":10,"minecraft:vine":2,"minecraft:lantern":9,"minecraft:packed_ice":6,"minecraft:stone":87,"supplementaries:wall_lantern":8,"minecraft:white_wool":54,"minecraft:podzol":1,"minecraft:smithing_table":1,"minecraft:redstone_block":1,"minecraft:brown_stained_glass_pane":3,"minecraft:dandelion":2,"minecraft:spruce_door":3,"croptopia:sweetpotato_crop":1,"minecraft:crafting_table":13,"minecraft:campfire":1,"minecraft:lectern":1,"minecraft:copper_ore":2,"minecraft:stone_slab":1,"gothic:scavenger_eggs":1,"minecraft:tall_grass":140,"oaks_decor:sand_castle":4,"minecraft:blue_bed":4,"gothic:innos_statue":1,"minecraft:spruce_stairs":12,"supplementaries:urn":4,"minecraft:purple_bed":6,"minecraft:birch_planks":6,"minecraft:coarse_dirt":607,"blue_skies:frostbright_chest":1,"minecraft:cobblestone_wall":30,"minecraft:sweet_berry_bush":3,"minecraft:spruce_log":213,"dtterralith:oak_twiglet_leaves":2,"minecraft:coal_ore":27,"vampirism:fire_place":1,"minecraft:zombie_head":1,"minecraft:gravel":2,"minecraft:cobweb":63,"upgrade_aquatic:driftwood_log":2,"minecraft:polished_andesite":4,"minecraft:stone_bricks":10,"minecraft:fern":50},"minecraft:dropped":{"minecraft:spruce_sign":5,"minecraft:diamond_axe":1,"minecraft:iron_sword":1,"butchercraft:beef_scraps":4,"butchercraft:leather_scrap":4,"minecraft:brown_mushroom":2,"vampirism:human_heart":1,"minecraft:baked_potato":64,"minecraft:glass_bottle":2,"mca:bouquet":1,"gothic:cheese":2,"dynamictrees:spruce_seed":16,"minecraft:red_mushroom":4,"paraglider:spirit_orb":27,"minecraft:emerald":11,"minecraft:cobblestone_stairs":1,"minecraft:cyan_terracotta":5,"minecraft:dirt":11,"minecraft:cornflower":1,"minecraft:large_fern":3,"minecraft:cracked_deepslate_tiles":1,"croptopia:sweetpotato_seed":8,"minecraft:gold_nugget":1,"minecraft:bone_meal":10,"minecraft:iron_pickaxe":3,"minecraft:birch_log":16,"minecraft:white_wool":1,"minecraft:gold_ingot":9,"minecraft:bone":4,"minecraft:gravel":4,"minecraft:stone_axe":1,"minecraft:lever":1,"minecraft:iron_nugget":5,"tombstone:gift":2,"vampirism:holy_water_bottle_enhanced":1,"minecraft:rotten_flesh":32,"guideapi_vp:vampirism-guidebook":1,"justhammers:iron_hammer":1,"minecraft:azure_bluet":1,"minecraft:white_bed":1,"evilcraft:flesh_humanoid":2,"minecraft:carrot":17,"minecraft:poppy":6,"minecraft:rabbit_hide":6,"minecraft:leather_chestplate":1,"dtterralith:birch_pine_seed":2,"minecraft:gunpowder":1,"vampirism:vampire_fang":1,"minecraft:beetroot_seeds":24,"create:limestone":16,"minecraft:chest":11,"minecraft:arrow":25,"dtterralith:black_poplar_seed":9,"minecraft:enchanted_book":1,"minecraft:iron_ingot":8,"minecraft:stripped_spruce_log":2,"minecraft:wheat_seeds":78,"butchercraft:pork_scraps":6,"minecraft:mossy_cobblestone":116,"minecraft:feather":6,"minecraft:cobblestone":26,"croptopia:sweetpotato":1,"minecraft:dark_oak_pressure_plate":2,"evilcraft:dark_gem":13,"gothic:meat":5,"dtterralith:dwarf_spruce_seed":3,"minecraft:spruce_stairs":8,"exoticbirds:mystery_egg":1,"vampirism:amulet":2,"bossominium:the_bossdexium":1,"minecraft:stick":64,"minecraft:cobweb":4,"butchercraft:lamb_scraps":3,"blue_skies:frostbright_slab":6,"minecraft:black_candle":2,"minecraft:mossy_cobblestone_slab":1,"minecraft:torch":54,"minecraft:zombie_head":1,"tombstone:grave_dust":7,"minecraft:iron_leggings":2,"minecraft:dead_bush":6,"minecraft:polished_andesite_stairs":2,"minecraft:flowering_azalea":1,"minecraft:mossy_cobblestone_stairs":2,"minecraft:iron_shovel":1,"minecraft:paper":9,"minecraft:string":72,"minecraft:redstone":129,"minecraft:spruce_sapling":5,"croptopia:glowing_calamari":1,"croptopia:yam_seed":4,"minecraft:coarse_dirt":139,"minecraft:stone_sword":1,"minecraft:cobblestone_wall":6,"minecraft:smooth_stone_slab":2,"vampirism:obi_belt":1,"farmersdelight:cabbage_seeds":2,"minecraft:raw_iron":11,"minecraft:experience_bottle":1,"minecraft:stone_shovel":2,"minecraft:light_gray_wool":1,"alexsmobs:ancient_dart":1,"sophisticatedbackpacks:backpack":1,"minecraft:stone_slab":5,"butchercraft:chicken_scraps":1,"minecraft:deepslate_bricks":3,"minecraft:filled_map":1,"minecraft:diamond_sword":2,"minecraft:spruce_planks":9,"minecraft:spruce_trapdoor":14,"minecraft:bundle":4,"minecraft:andesite":1,"minecraft:purple_bed":1,"exoticbirds:raw_birdmeat":21,"minecraft:spider_eye":2,"minecraft:stone_bricks":1,"minecraft:bamboo":1,"minecraft:bow":1,"minecraft:stone_pickaxe":1,"minecraft:wooden_pickaxe":2,"minecraft:calcite":7},"minecraft:killed":{"vampirism:vampire":4,"minecraft:cave_spider":10,"minecraft:spider":26,"alexsmobs:snow_leopard":6,"grimoireofgaia:minotaurus":2,"minecraft:skeleton":80,"grimoireofgaia:mimic":2,"minecraft:chicken":2,"vampirism:advanced_hunter":2,"minecraft:illusioner":2,"gothic:molerat":2,"minecraft:cat":2,"minecraft:magma_cube":4,"sleep_tight:bedbug":4,"minecraft:pig":4,"grimoireofgaia:bone_knight":2,"alexsmobs:seal":2,"minecraft:creeper":2,"vampirism:hunter":2,"exoticbirds:penguin":4,"minecraft:sheep":4,"gothic:scavenger":4,"minecraft:zombie":98,"grimoireofgaia:deathword":4,"grimoireofgaia:harpy":4,"alexsmobs:fly":4,"minecraft:cow":8,"gothic:npc_oldcamp_hunter":2,"exoticbirds:pelican":2,"grimoireofgaia:satyress":2,"grimoireofgaia:centaur":8,"minecraft:horse":10,"hmag:zombie_girl":12,"naturalist:bluejay":2,"exoticbirds:flamingo":8,"gothic:scavenger_young":6,"gothic:ice_wolf":2,"exoticbirds:pigeon":6,"alexsmobs:crow":4,"minecraft:player":4},"minecraft:used":{"minecraft:iron_shovel":1875,"minecraft:poppy":1,"minecraft:chest":12,"minecraft:iron_sword":777,"minecraft:mutton":1,"gothic:waterpipe":1,"minecraft:snowball":1,"minecraft:milk_bucket":2,"minecraft:spruce_boat":1,"exoticbirds:raw_birdmeat":8,"butchercraft:cooked_lamb_scraps":2,"minecraft:lantern":16,"minecraft:stone_bricks":27,"minecraft:redstone_lamp":1,"minecraft:sweet_berries":3,"minecraft:furnace":3,"minecraft:cooked_cod":2,"minecraft:gray_bed":1,"minecraft:potato":51,"dynamictrees:spruce_seed":1,"minecraft:leather_leggings":1,"minecraft:spruce_door":5,"minecraft:stone_pickaxe":13,"minecraft:wooden_pickaxe":10,"minecraft:leather_chestplate":1,"butchercraft:cooked_beef_scraps":12,"minecraft:blue_bed":6,"gothic:lamb_sausage":5,"gothic:meat_cooked":5,"hmag:randomberry":3,"gothic:cheese":3,"minecraft:shears":53,"minecraft:deepslate_brick_stairs":1,"waystones:waystone":4,"farmersdelight:honey_cookie":16,"minecraft:bread":13,"minecraft:lectern":1,"paraglider:kakariko_goddess_statue":6,"minecraft:soul_lantern":2,"exoticbirds:cooked_birdmeat":4,"croptopia:toast":29,"minecraft:diamond_sword":295,"minecraft:cooked_rabbit":7,"minecraft:andesite":43,"minecraft:coarse_dirt":496,"blue_skies:frostbright_door":4,"dtterralith:birch_pine_seed":1,"minecraft:stone_hoe":393,"minecraft:torch":100,"minecraft:dirt":914,"minecraft:spruce_stairs":10,"minecraft:cobblestone_wall":76,"minecraft:iron_axe":519,"exoticbirds:pelican_egg":1,"minecraft:cobbled_deepslate":1,"tombstone:gift":5,"minecraft:cooked_beef":1,"minecraft:calcite":1,"minecraft:iron_leggings":1,"minecraft:cobblestone_stairs":25,"minecraft:baked_potato":90,"minecraft:birch_planks":28,"aquamirae:wisteria_niveis":1,"minecraft:cobblestone_slab":39,"minecraft:stonecutter":1,"minecraft:deepslate_bricks":3,"upgrade_aquatic:driftwood_planks":7,"minecraft:mossy_cobblestone":47,"minecraft:crafting_table":14,"minecraft:white_bed":13,"oaks_decor:sand_castles":1,"minecraft:spruce_log":211,"justhammers:iron_hammer":529,"minecraft:smoker":1,"minecraft:apple":30,"minecraft:iron_pickaxe":745,"luphieclutteredmod:luphie_cardboard_box_open":1,"minecraft:cobblestone":1092,"minecraft:purple_bed":5,"exoticbirds:penguin_egg":1,"minecraft:cooked_porkchop":6,"minecraft:pumpkin_pie":1,"dtterralith:black_poplar_seed":3,"minecraft:polished_blackstone_button":1,"minecraft:splash_potion":1},"minecraft:picked_up":{"minecraft:redstone_block":1,"minecraft:anvil":1,"minecraft:smithing_table":1,"minecraft:stone_slab":6,"minecraft:diamond_sword":3,"minecraft:oak_stairs":1,"minecraft:enchanted_book":19,"minecraft:potion":1,"butchercraft:pork_scraps":6,"domesticationinnovation:pet_bed_purple":2,"minecraft:music_disc_cat":1,"minecraft:string":162,"minecraft:dark_oak_pressure_plate":2,"minecraft:raw_copper":77,"create:limestone":16,"minecraft:smooth_stone_slab":7,"minecraft:iron_leggings":4,"minecraft:sticky_piston":7,"minecraft:experience_bottle":1,"minecraft:zombie_head":1,"minecraft:gold_nugget":4,"minecraft:cobbled_deepslate":19,"minecraft:bucket":3,"minecraft:spruce_planks":9,"hmag:cureberry":1,"minecraft:cobblestone_slab":14,"minecraft:calcite":402,"minecraft:iron_pickaxe":1,"dynamictrees:oak_seed":11,"minecraft:enchanted_golden_apple":1,"minecraft:iron_boots":1,"minecraft:furnace":2,"minecraft:stick":299,"minecraft:torch":72,"minecraft:spruce_stairs":19,"paraglider:kakariko_goddess_statue":7,"oaks_decor:throwable_pebble":2,"vampirism:holy_water_bottle_enhanced":1,"tombstone:grave_dust":19,"vampirism:vampire_fang":1,"vampirism:amulet":3,"evilcraft:box_of_eternal_closure":1,"minecraft:stone_sword":1,"minecraft:rotten_flesh":82,"create:scoria":2,"minecraft:cyan_terracotta":5,"farmersdelight:rope":19,"evilcraft:condensed_blood":19,"minecraft:white_terracotta":1,"supplementaries:ash":5,"hmag:spectral_soup":1,"minecraft:deepslate_brick_stairs":1,"minecraft:snowball":1,"blue_skies:frostbright_slab":14,"minecraft:cobblestone":1136,"paraglider:paraglider":1,"minecraft:birch_log":21,"minecraft:mossy_cobblestone_slab":1,"minecraft:leather_chestplate":2,"minecraft:feather":27,"minecraft:andesite":229,"dtterralith:dwarf_pine_seed":2,"minecraft:smoker":3,"minecraft:potato":198,"paraglider:spirit_orb":52,"minecraft:tuff":4,"create:raw_zinc":15,"supplementaries:flax_seeds":2,"evilcraft:flesh_humanoid":3,"minecraft:lapis_lazuli":52,"minecraft:dirt":1373,"minecraft:lantern":23,"hmag:evil_crystal_fragment":3,"christmasfestivity:disc_marrychristmas":1,"minecraft:name_tag":3,"minecraft:leather_boots":1,"minecraft:bone":136,"blue_skies:frostbright_chest":1,"croptopia:sweetpotato":1,"minecraft:stonecutter":2,"minecraft:bow":3,"minecraft:wheat_seeds":245,"aquamirae:wisteria_niveis":4,"minecraft:raw_gold":12,"minecraft:grindstone":1,"dtterralith:birch_pine_seed":3,"gothic:ornament_part":1,"hmag:soul_powder":7,"gothic:meat_cooked":2,"minecraft:stripped_spruce_log":4,"hmag:kobold_leather":2,"minecraft:dead_bush":6,"minecraft:barrel":3,"dtterralith:dwarf_spruce_seed":5,"alexsmobs:animal_dictionary":1,"minecraft:mossy_cobblestone":124,"minecraft:bundle":4,"minecraft:iron_hoe":1,"luphieclutteredmod:luphie_cardboard_box_open":1,"minecraft:diamond":1,"minecraft:spruce_boat":1,"minecraft:lever":1,"minecraft:soul_lantern":2,"waystones:waystone":4,"minecraft:polished_blackstone_button":1,"gothic:scavenger_egg":2,"minecraft:granite":1,"minecraft:bone_meal":10,"minecraft:golden_apple":3,"minecraft:spruce_sign":8,"minecraft:emerald":9,"minecraft:bread":8,"minecraft:light_gray_carpet":2,"mca:bouquet":2,"atlantis:aquamarine_gem":4,"croptopia:toast":22,"minecraft:charcoal":2,"minecraft:crafting_table":12,"minecraft:coarse_dirt":642,"minecraft:azure_bluet":1,"croptopia:sweetpotato_seed":8,"minecraft:leather_leggings":1,"minecraft:redstone_lamp":4,"minecraft:brown_mushroom":2,"dynamictrees:spruce_seed":21,"minecraft:wooden_pickaxe":1,"minecraft:gold_block":3,"blue_skies:frostbright_door":6,"gothic:waterpipe":3,"minecraft:cornflower":1,"minecraft:large_fern":2,"minecraft:iron_shovel":7,"minecraft:blackstone":11,"minecraft:candle":15,"minecraft:iron_nugget":8,"minecraft:poppy":16,"minecraft:light_gray_wool":1,"minecraft:lectern":1,"minecraft:minecart":2,"blue_skies:frostbright_stairs":15,"minecraft:chest":34,"minecraft:spruce_trapdoor":14,"minecraft:raw_copper_block":3,"exoticbirds:penguin_egg":6,"minecraft:raw_iron":146,"minecraft:stone":3,"farmersdelight:tomato_seeds":2,"minecraft:carrot":32,"minecraft:redstone":66,"minecraft:iron_horse_armor":1,"croptopia:yam_seed":4,"hexerei:sage_seed":139,"butchercraft:chicken_scraps":1,"minecraft:arrow":55,"minecraft:stone_shovel":2,"minecraft:beetroot_seeds":24,"upgrade_aquatic:driftwood_log":2,"minecraft:deepslate_bricks":6,"sophisticatedbackpacks:copper_backpack":1,"minecraft:saddle":5,"minecraft:gold_ingot":11,"butchercraft:beef_scraps":7,"exoticbirds:raw_birdmeat":30,"minecraft:white_wool":109,"minecraft:oxeye_daisy":2,"minecraft:cracked_deepslate_tiles":1,"minecraft:leather":11,"minecraft:red_mushroom":4,"blue_skies:frostbright_planks":6,"croptopia:glowing_calamari":1,"minecraft:birch_planks":6,"minecraft:filled_map":1,"minecraft:cobblestone_wall":82,"oaks_decor:sand_castles":5,"minecraft:gunpowder":1,"minecraft:cobblestone_stairs":18,"mca:book_romance":2,"minecraft:blue_bed":6,"minecraft:paper":19,"dtterralith:black_poplar_seed":12,"tombstone:gift":3,"vampirism:human_heart":1,"minecraft:apple":12,"minecraft:stone_bricks":10,"minecraft:rabbit_hide":3,"minecraft:iron_ingot":3,"minecraft:cobweb":4,"minecraft:gray_bed":1,"minecraft:iron_sword":12,"minecraft:flowering_azalea":1,"minecraft:book":8,"minecraft:polished_andesite_stairs":2,"minecraft:smooth_basalt":3,"minecraft:black_candle":2,"minecraft:sweet_berries":37,"vampirism:fire_place":1,"minecraft:dandelion":7,"blue_skies:frostbright_trapdoor":3,"gothic:cheese":1,"minecraft:gravel":5,"minecraft:blast_furnace":2,"minecraft:white_bed":16,"minecraft:spruce_log":347,"minecraft:spider_eye":7,"minecraft:spruce_door":3,"gothic:cave_mushrooms":1,"butchercraft:leather_scrap":9,"gothic:meat":11,"minecraft:purple_bed":7,"minecraft:stone_axe":1,"minecraft:diamond_axe":1,"evilcraft:dark_gem":13,"minecraft:iron_helmet":1,"butchercraft:lamb_scraps":3,"minecraft:mossy_cobblestone_stairs":4,"exoticbirds:pelican_egg":1,"minecraft:baked_potato":31,"tombstone:magic_scroll":1,"minecraft:coal":129,"blue_skies:frostbright_ladder":4},"minecraft:killed_by":{"minecraft:cave_spider":1,"minecraft:vex":1,"minecraft:player":2,"gothic:stone_guardian":1,"minecraft:skeleton":2}},"DataVersion":3120}