{"stats":{"minecraft:dropped":{"minecraft:spruce_sign":5,"minecraft:iron_sword":1,"butchercraft:beef_scraps":4,"butchercraft:leather_scrap":4,"minecraft:brown_mushroom":2,"vampirism:human_heart":1,"minecraft:glass_bottle":2,"gothic:cheese":1,"dynamictrees:spruce_seed":11,"minecraft:cobblestone_stairs":1,"minecraft:red_mushroom":4,"paraglider:spirit_orb":27,"minecraft:emerald":11,"minecraft:cyan_terracotta":5,"minecraft:dirt":10,"minecraft:large_fern":3,"minecraft:cornflower":1,"minecraft:cracked_deepslate_tiles":1,"croptopia:sweetpotato_seed":6,"minecraft:gold_nugget":1,"minecraft:bone_meal":10,"minecraft:iron_pickaxe":2,"minecraft:birch_log":16,"minecraft:white_wool":1,"minecraft:gold_ingot":5,"minecraft:bone":4,"minecraft:stone_axe":1,"minecraft:lever":1,"minecraft:iron_nugget":4,"tombstone:gift":2,"vampirism:holy_water_bottle_enhanced":1,"minecraft:rotten_flesh":32,"guideapi_vp:vampirism-guidebook":1,"justhammers:iron_hammer":1,"minecraft:azure_bluet":1,"minecraft:white_bed":1,"evilcraft:flesh_humanoid":2,"minecraft:carrot":17,"minecraft:rabbit_hide":6,"minecraft:poppy":3,"minecraft:leather_chestplate":1,"dtterralith:birch_pine_seed":2,"minecraft:gunpowder":1,"minecraft:beetroot_seeds":24,"create:limestone":16,"minecraft:chest":11,"minecraft:arrow":24,"dtterralith:black_poplar_seed":7,"minecraft:enchanted_book":1,"minecraft:iron_ingot":8,"minecraft:stripped_spruce_log":2,"butchercraft:pork_scraps":6,"minecraft:wheat_seeds":62,"minecraft:mossy_cobblestone":68,"minecraft:feather":6,"minecraft:cobblestone":17,"croptopia:sweetpotato":1,"minecraft:dark_oak_pressure_plate":2,"evilcraft:dark_gem":13,"gothic:meat":4,"minecraft:spruce_stairs":4,"vampirism:amulet":2,"exoticbirds:mystery_egg":1,"bossominium:the_bossdexium":1,"minecraft:cobweb":4,"butchercraft:lamb_scraps":3,"minecraft:black_candle":2,"blue_skies:frostbright_slab":6,"minecraft:torch":17,"minecraft:zombie_head":1,"tombstone:grave_dust":7,"minecraft:iron_leggings":2,"minecraft:dead_bush":6,"minecraft:polished_andesite_stairs":2,"minecraft:flowering_azalea":1,"minecraft:mossy_cobblestone_stairs":2,"minecraft:paper":9,"minecraft:string":72,"minecraft:spruce_sapling":5,"croptopia:glowing_calamari":1,"croptopia:yam_seed":4,"minecraft:redstone":129,"minecraft:coarse_dirt":139,"minecraft:stone_sword":1,"minecraft:cobblestone_wall":3,"minecraft:smooth_stone_slab":2,"vampirism:obi_belt":1,"farmersdelight:cabbage_seeds":2,"minecraft:raw_iron":11,"minecraft:experience_bottle":1,"minecraft:stone_shovel":2,"minecraft:light_gray_wool":1,"alexsmobs:ancient_dart":1,"sophisticatedbackpacks:backpack":1,"butchercraft:chicken_scraps":1,"minecraft:deepslate_bricks":3,"minecraft:filled_map":1,"minecraft:spruce_planks":6,"minecraft:spruce_trapdoor":14,"minecraft:bundle":4,"minecraft:purple_bed":1,"exoticbirds:raw_birdmeat":17,"minecraft:stone_bricks":1,"minecraft:spider_eye":2,"minecraft:bamboo":1,"minecraft:bow":1,"minecraft:stone_pickaxe":1,"minecraft:wooden_pickaxe":2,"minecraft:calcite":2},"minecraft:mined":{"minecraft:spruce_planks":6,"minecraft:white_bed":13,"dtterralith:birch_pine_sapling":1,"minecraft:cobblestone_stairs":2,"minecraft:spruce_trapdoor":12,"minecraft:grass_block":178,"minecraft:deepslate_bricks":3,"minecraft:chiseled_stone_bricks":1,"minecraft:spawner":16,"minecraft:mossy_cobblestone_stairs":1,"minecraft:iron_ore":4,"minecraft:barrel":1,"minecraft:anvil":1,"minecraft:dirt_path":33,"minecraft:flowering_azalea_leaves":1,"minecraft:iron_bars":2,"minecraft:deepslate_brick_stairs":1,"minecraft:black_candle":1,"create:limestone":9,"minecraft:spruce_slab":1,"farmersdelight:wild_potatoes":13,"minecraft:tripwire":3,"oaks_decor:sand_castles":1,"minecraft:cyan_terracotta":1,"dtterralith:birch_short_conifer_leaves":1,"minecraft:smoker":2,"minecraft:torch":15,"minecraft:blast_furnace":2,"minecraft:calcite":3,"minecraft:poppy":1,"minecraft:chest":34,"minecraft:white_stained_glass_pane":1,"minecraft:cobblestone":54,"minecraft:grindstone":1,"minecraft:wall_torch":5,"minecraft:deepslate_copper_ore":5,"realmrpg_skeletons:bow_skeleton":1,"vampirism:totem_top":1,"aquamirae:wisteria_niveis":4,"paraglider:kakariko_goddess_statue":5,"minecraft:smooth_stone_slab":3,"minecraft:grass":59,"minecraft:cracked_deepslate_tiles":1,"blue_skies:frostbright_door":3,"minecraft:dirt":16,"structure_gel:dynamic_spawner":2,"minecraft:raw_copper_block":3,"minecraft:redstone_lamp":4,"minecraft:light_blue_stained_glass_pane":1,"minecraft:mossy_cobblestone":63,"minecraft:candle":2,"minecraft:gray_stained_glass_pane":1,"gothic:waterpipe":1,"minecraft:dark_oak_pressure_plate":1,"gothic:scavenger_grilled":1,"luphieclutteredmod:luphie_cardboard_box_open":1,"gothic:ornament_part":1,"blue_skies:frostbright_bookshelf":2,"minecraft:large_fern":3,"minecraft:furnace":1,"minecraft:stripped_spruce_log":1,"minecraft:vine":2,"minecraft:lantern":9,"minecraft:packed_ice":6,"minecraft:stone":35,"minecraft:white_wool":52,"supplementaries:wall_lantern":7,"minecraft:smithing_table":1,"minecraft:podzol":1,"minecraft:redstone_block":1,"minecraft:brown_stained_glass_pane":3,"minecraft:spruce_door":3,"croptopia:sweetpotato_crop":1,"minecraft:crafting_table":8,"minecraft:lectern":1,"minecraft:campfire":1,"gothic:scavenger_eggs":1,"minecraft:tall_grass":46,"oaks_decor:sand_castle":4,"minecraft:blue_bed":3,"minecraft:spruce_stairs":2,"gothic:innos_statue":1,"minecraft:purple_bed":4,"minecraft:coarse_dirt":282,"blue_skies:frostbright_chest":1,"minecraft:cobblestone_wall":2,"minecraft:spruce_log":162,"minecraft:coal_ore":4,"vampirism:fire_place":1,"minecraft:zombie_head":1,"minecraft:cobweb":63,"upgrade_aquatic:driftwood_log":2,"minecraft:stone_bricks":1,"minecraft:polished_andesite":4,"minecraft:fern":8},"minecraft:killed_by":{"minecraft:cave_spider":1,"minecraft:vex":1,"gothic:stone_guardian":1,"minecraft:skeleton":1},"minecraft:picked_up":{"minecraft:redstone_block":1,"minecraft:anvil":1,"minecraft:smithing_table":1,"minecraft:diamond_sword":1,"minecraft:oak_stairs":1,"minecraft:potion":1,"minecraft:enchanted_book":18,"butchercraft:pork_scraps":6,"domesticationinnovation:pet_bed_purple":2,"minecraft:dark_oak_pressure_plate":2,"minecraft:string":136,"minecraft:raw_copper":17,"create:limestone":16,"minecraft:smooth_stone_slab":7,"minecraft:iron_leggings":4,"minecraft:sticky_piston":7,"minecraft:experience_bottle":1,"minecraft:zombie_head":1,"minecraft:gold_nugget":3,"minecraft:bucket":2,"minecraft:spruce_planks":7,"minecraft:cobblestone_slab":1,"minecraft:calcite":2,"minecraft:iron_pickaxe":1,"minecraft:furnace":1,"minecraft:iron_boots":1,"minecraft:stick":120,"minecraft:torch":46,"minecraft:spruce_stairs":5,"paraglider:kakariko_goddess_statue":5,"oaks_decor:throwable_pebble":2,"vampirism:holy_water_bottle_enhanced":1,"tombstone:grave_dust":18,"vampirism:amulet":3,"minecraft:stone_sword":1,"minecraft:rotten_flesh":78,"minecraft:cyan_terracotta":5,"minecraft:deepslate_brick_stairs":1,"blue_skies:frostbright_slab":14,"minecraft:snowball":1,"minecraft:cobblestone":119,"minecraft:birch_log":16,"minecraft:leather_chestplate":2,"minecraft:feather":26,"minecraft:andesite":8,"minecraft:smoker":2,"minecraft:potato":16,"paraglider:spirit_orb":52,"evilcraft:flesh_humanoid":3,"minecraft:lapis_lazuli":3,"minecraft:dirt":286,"minecraft:lantern":23,"minecraft:name_tag":3,"minecraft:bone":122,"blue_skies:frostbright_chest":1,"croptopia:sweetpotato":1,"minecraft:bow":1,"minecraft:wheat_seeds":47,"aquamirae:wisteria_niveis":4,"minecraft:grindstone":1,"dtterralith:birch_pine_seed":3,"gothic:ornament_part":1,"hmag:soul_powder":7,"gothic:meat_cooked":2,"minecraft:stripped_spruce_log":4,"minecraft:dead_bush":6,"alexsmobs:animal_dictionary":1,"minecraft:barrel":3,"minecraft:mossy_cobblestone":72,"minecraft:bundle":4,"minecraft:iron_hoe":1,"luphieclutteredmod:luphie_cardboard_box_open":1,"minecraft:diamond":1,"minecraft:spruce_boat":1,"waystones:waystone":3,"minecraft:lever":1,"minecraft:polished_blackstone_button":1,"gothic:scavenger_egg":2,"minecraft:bone_meal":10,"minecraft:golden_apple":3,"minecraft:spruce_sign":8,"minecraft:bread":8,"minecraft:emerald":7,"minecraft:light_gray_carpet":2,"croptopia:toast":22,"minecraft:charcoal":2,"minecraft:coarse_dirt":293,"minecraft:crafting_table":7,"minecraft:azure_bluet":1,"dynamictrees:spruce_seed":12,"minecraft:leather_leggings":1,"minecraft:redstone_lamp":4,"minecraft:brown_mushroom":2,"croptopia:sweetpotato_seed":8,"minecraft:wooden_pickaxe":1,"minecraft:gold_block":3,"blue_skies:frostbright_door":5,"gothic:waterpipe":2,"minecraft:cornflower":1,"minecraft:large_fern":2,"minecraft:iron_shovel":6,"minecraft:candle":15,"minecraft:lectern":1,"minecraft:minecart":2,"minecraft:poppy":6,"minecraft:light_gray_wool":1,"blue_skies:frostbright_stairs":15,"minecraft:chest":32,"minecraft:spruce_trapdoor":14,"minecraft:raw_copper_block":3,"exoticbirds:penguin_egg":6,"minecraft:raw_iron":14,"minecraft:carrot":32,"minecraft:redstone":65,"croptopia:yam_seed":4,"butchercraft:chicken_scraps":1,"minecraft:stone_shovel":2,"minecraft:arrow":46,"minecraft:beetroot_seeds":24,"upgrade_aquatic:driftwood_log":2,"minecraft:deepslate_bricks":6,"minecraft:saddle":4,"minecraft:gold_ingot":10,"butchercraft:beef_scraps":7,"minecraft:oxeye_daisy":2,"minecraft:white_wool":107,"exoticbirds:raw_birdmeat":30,"minecraft:cracked_deepslate_tiles":1,"minecraft:leather":7,"blue_skies:frostbright_planks":6,"croptopia:glowing_calamari":1,"minecraft:red_mushroom":4,"minecraft:filled_map":1,"minecraft:paper":18,"minecraft:cobblestone_wall":25,"minecraft:gunpowder":1,"oaks_decor:sand_castles":5,"minecraft:cobblestone_stairs":2,"mca:book_romance":2,"minecraft:blue_bed":4,"dtterralith:black_poplar_seed":10,"tombstone:gift":3,"vampirism:human_heart":1,"minecraft:apple":12,"minecraft:stone_bricks":1,"minecraft:rabbit_hide":3,"minecraft:iron_ingot":2,"minecraft:cobweb":4,"minecraft:gray_bed":1,"minecraft:iron_sword":12,"minecraft:flowering_azalea":1,"minecraft:book":7,"minecraft:polished_andesite_stairs":2,"minecraft:black_candle":2,"minecraft:sweet_berries":31,"vampirism:fire_place":1,"minecraft:dandelion":5,"blue_skies:frostbright_trapdoor":3,"gothic:cheese":1,"minecraft:blast_furnace":2,"minecraft:white_bed":14,"minecraft:spruce_log":252,"minecraft:spider_eye":5,"minecraft:spruce_door":3,"butchercraft:leather_scrap":9,"gothic:meat":11,"minecraft:purple_bed":5,"minecraft:stone_axe":1,"evilcraft:dark_gem":13,"minecraft:iron_helmet":1,"butchercraft:lamb_scraps":3,"minecraft:mossy_cobblestone_stairs":4,"exoticbirds:pelican_egg":1,"minecraft:baked_potato":24,"blue_skies:frostbright_ladder":4,"minecraft:coal":40},"minecraft:custom":{"minecraft:interact_with_crafting_table":25,"minecraft:open_barrel":37,"minecraft:bell_ring":5,"minecraft:leave_game":4,"minecraft:time_since_death":72816,"minecraft:damage_resisted":96,"minecraft:sprint_one_cm":712591,"minecraft:drop":230,"minecraft:play_time":323818,"minecraft:deaths":5,"minecraft:jump":5294,"minecraft:walk_on_water_one_cm":12202,"minecraft:interact_with_furnace":11,"minecraft:sleep_in_bed":16,"minecraft:waystone_activated":5,"minecraft:damage_dealt":32147,"minecraft:player_kills":3,"minecraft:crouch_one_cm":21674,"tombstone:undead_killed":84,"minecraft:interact_with_smoker":30,"minecraft:inspect_dispenser":1,"minecraft:mob_kills":160,"minecraft:interact_with_campfire":46,"minecraft:damage_dealt_resisted":22,"minecraft:climb_one_cm":30853,"minecraft:walk_one_cm":951570,"minecraft:damage_dealt_absorbed":1199,"minecraft:sneak_time":6811,"minecraft:walk_under_water_one_cm":2942,"minecraft:boat_one_cm":12289,"minecraft:total_world_time":323818,"minecraft:tune_noteblock":99,"minecraft:time_since_rest":6188,"minecraft:damage_taken":6872,"minecraft:swim_one_cm":2182,"minecraft:fly_one_cm":1279235,"minecraft:open_chest":296,"minecraft:fall_one_cm":127306},"minecraft:broken":{"minecraft:iron_shovel":2,"minecraft:leather_leggings":1,"minecraft:iron_boots":1,"minecraft:iron_sword":3,"minecraft:iron_axe":1,"minecraft:iron_pickaxe":1},"minecraft:crafted":{"croptopia:toast":7,"luphieclutteredmod:luphie_cardboard_box_open":1,"minecraft:raw_copper":27,"minecraft:cooked_rabbit":7,"sophisticatedbackpacks:backpack":2,"minecraft:cooked_porkchop":6,"minecraft:crafting_table":3,"minecraft:spruce_planks":40,"minecraft:wooden_pickaxe":1,"minecraft:baked_potato":49,"minecraft:spruce_door":3,"butchercraft:cooked_beef_scraps":12,"minecraft:stick":12,"minecraft:iron_ingot":1,"minecraft:iron_pickaxe":1,"minecraft:shears":1,"minecraft:redstone":9,"minecraft:iron_axe":3,"minecraft:stone_pickaxe":1,"minecraft:spruce_boat":1,"upgrade_aquatic:driftwood_planks":8,"sophisticatedbackpacks:iron_backpack":1,"minecraft:cooked_beef":2,"farmersdelight:honey_cookie":16,"minecraft:cooked_cod":2,"minecraft:iron_sword":4,"minecraft:air":0,"justhammers:iron_hammer":2,"exoticbirds:cooked_birdmeat":4,"minecraft:iron_leggings":1},"minecraft:killed":{"minecraft:cave_spider":10,"minecraft:spider":16,"alexsmobs:snow_leopard":6,"grimoireofgaia:minotaurus":2,"minecraft:skeleton":68,"minecraft:chicken":2,"vampirism:advanced_hunter":2,"gothic:molerat":2,"minecraft:cat":2,"minecraft:magma_cube":4,"sleep_tight:bedbug":2,"minecraft:pig":4,"alexsmobs:seal":2,"minecraft:creeper":2,"vampirism:hunter":2,"exoticbirds:penguin":4,"minecraft:sheep":4,"gothic:scavenger":4,"minecraft:zombie":90,"grimoireofgaia:harpy":2,"alexsmobs:fly":4,"minecraft:cow":8,"gothic:npc_oldcamp_hunter":2,"exoticbirds:pelican":2,"grimoireofgaia:satyress":2,"minecraft:horse":10,"hmag:zombie_girl":10,"naturalist:bluejay":2,"exoticbirds:flamingo":8,"gothic:scavenger_young":6,"gothic:ice_wolf":2,"exoticbirds:pigeon":6,"alexsmobs:crow":4,"minecraft:player":1},"minecraft:used":{"minecraft:iron_shovel":506,"minecraft:poppy":1,"minecraft:chest":12,"minecraft:iron_sword":777,"minecraft:mutton":1,"minecraft:snowball":1,"minecraft:milk_bucket":2,"minecraft:spruce_boat":1,"exoticbirds:raw_birdmeat":8,"minecraft:lantern":16,"minecraft:redstone_lamp":1,"minecraft:sweet_berries":3,"minecraft:cooked_cod":2,"minecraft:gray_bed":1,"minecraft:potato":24,"dynamictrees:spruce_seed":1,"minecraft:leather_leggings":1,"minecraft:spruce_door":5,"minecraft:stone_pickaxe":13,"minecraft:leather_chestplate":1,"minecraft:wooden_pickaxe":10,"butchercraft:cooked_beef_scraps":12,"minecraft:blue_bed":4,"gothic:lamb_sausage":5,"gothic:meat_cooked":5,"hmag:randomberry":3,"gothic:cheese":3,"minecraft:shears":53,"minecraft:deepslate_brick_stairs":1,"waystones:waystone":3,"farmersdelight:honey_cookie":16,"minecraft:bread":8,"paraglider:kakariko_goddess_statue":4,"minecraft:lectern":1,"croptopia:toast":29,"exoticbirds:cooked_birdmeat":4,"minecraft:diamond_sword":113,"minecraft:cooked_rabbit":7,"minecraft:coarse_dirt":52,"blue_skies:frostbright_door":1,"dtterralith:birch_pine_seed":1,"minecraft:torch":20,"minecraft:dirt":33,"minecraft:iron_axe":307,"exoticbirds:pelican_egg":1,"tombstone:gift":5,"minecraft:cooked_beef":1,"minecraft:iron_leggings":1,"minecraft:cobblestone_stairs":1,"aquamirae:wisteria_niveis":1,"minecraft:baked_potato":21,"minecraft:deepslate_bricks":3,"upgrade_aquatic:driftwood_planks":7,"minecraft:mossy_cobblestone":4,"minecraft:crafting_table":7,"minecraft:white_bed":11,"oaks_decor:sand_castles":1,"minecraft:apple":30,"minecraft:iron_pickaxe":251,"luphieclutteredmod:luphie_cardboard_box_open":1,"minecraft:cobblestone":70,"minecraft:purple_bed":3,"minecraft:cooked_porkchop":6,"exoticbirds:penguin_egg":1,"minecraft:pumpkin_pie":1,"dtterralith:black_poplar_seed":3,"minecraft:polished_blackstone_button":1,"minecraft:splash_potion":1}},"DataVersion":3120}