{"stats":{"minecraft:custom":{"minecraft:interact_with_crafting_table":85,"minecraft:open_barrel":43,"minecraft:bell_ring":5,"minecraft:leave_game":14,"minecraft:time_since_death":187010,"minecraft:play_time":797412,"minecraft:deaths":16,"minecraft:jump":13103,"minecraft:interact_with_furnace":290,"minecraft:sleep_in_bed":43,"minecraft:waystone_activated":6,"minecraft:damage_dealt":53712,"tombstone:undead_killed":113,"minecraft:interact_with_smoker":56,"minecraft:inspect_dispenser":1,"minecraft:inspect_dropper":1,"minecraft:interact_with_anvil":1,"minecraft:damage_dealt_absorbed":2875,"minecraft:sneak_time":33258,"minecraft:interact_with_blast_furnace":27,"minecraft:total_world_time":797412,"tombstone:raider_killed":3,"minecraft:tune_noteblock":99,"minecraft:interact_with_stonecutter":6,"minecraft:time_since_rest":21422,"minecraft:swim_one_cm":10672,"minecraft:fly_one_cm":2652905,"minecraft:open_chest":691,"minecraft:fall_one_cm":296906,"minecraft:damage_resisted":488,"minecraft:sprint_one_cm":1703958,"minecraft:drop":334,"minecraft:talked_to_villager":1,"minecraft:walk_on_water_one_cm":18846,"minecraft:player_kills":6,"minecraft:crouch_one_cm":98394,"minecraft:mob_kills":247,"minecraft:interact_with_campfire":46,"minecraft:damage_dealt_resisted":22,"minecraft:climb_one_cm":33759,"minecraft:walk_one_cm":2584460,"minecraft:walk_under_water_one_cm":4960,"minecraft:boat_one_cm":12289,"minecraft:damage_taken":17870},"minecraft:broken":{"minecraft:iron_boots":2,"minecraft:iron_chestplate":1,"minecraft:iron_sword":3,"minecraft:stone_hoe":5,"minecraft:iron_axe":2,"minecraft:iron_pickaxe":3,"minecraft:iron_helmet":1,"minecraft:iron_shovel":8,"minecraft:leather_leggings":1,"justhammers:iron_hammer":8},"minecraft:used":{"minecraft:poppy":1,"minecraft:chest":13,"minecraft:snowball":1,"minecraft:spruce_boat":1,"exoticbirds:raw_birdmeat":8,"minecraft:stone_brick_stairs":191,"minecraft:sweet_berries":3,"minecraft:furnace":10,"minecraft:cooked_cod":2,"minecraft:potato":206,"minecraft:leather_leggings":1,"minecraft:spruce_door":5,"minecraft:leather_chestplate":1,"minecraft:wooden_pickaxe":10,"gothic:lamb_sausage":5,"gothic:meat_cooked":5,"gothic:cheese":3,"minecraft:deepslate_brick_stairs":1,"farmersdelight:honey_cookie":16,"minecraft:lectern":1,"minecraft:soul_lantern":2,"exoticbirds:cooked_birdmeat":4,"minecraft:diamond_sword":557,"blue_skies:frostbright_door":4,"dtterralith:birch_pine_seed":1,"minecraft:torch":173,"minecraft:anvil":1,"minecraft:iron_axe":609,"minecraft:mud_bricks":6,"tombstone:gift":5,"minecraft:cobbled_deepslate":1,"minecraft:calcite":1,"minecraft:water_bucket":16,"minecraft:birch_planks":28,"minecraft:deepslate_bricks":3,"upgrade_aquatic:driftwood_planks":7,"minecraft:mossy_cobblestone":47,"minecraft:crafting_table":16,"minecraft:white_bed":13,"oaks_decor:sand_castles":2,"minecraft:spruce_log":211,"justhammers:iron_hammer":1438,"minecraft:oak_log":5,"minecraft:iron_pickaxe":1133,"luphieclutteredmod:luphie_cardboard_box_open":1,"minecraft:cobblestone":1096,"minecraft:purple_bed":5,"minecraft:cooked_porkchop":6,"exoticbirds:penguin_egg":1,"minecraft:iron_shovel":2177,"minecraft:iron_sword":777,"minecraft:mutton":1,"gothic:waterpipe":1,"minecraft:milk_bucket":2,"butchercraft:cooked_lamb_scraps":2,"minecraft:lantern":16,"minecraft:stone_bricks":1088,"minecraft:redstone_lamp":1,"minecraft:gray_bed":1,"dynamictrees:spruce_seed":14,"minecraft:stone_pickaxe":13,"butchercraft:cooked_beef_scraps":12,"minecraft:blue_bed":6,"hmag:randomberry":3,"minecraft:shears":53,"waystones:waystone":4,"minecraft:bread":13,"paraglider:kakariko_goddess_statue":6,"croptopia:toast":29,"minecraft:cooked_rabbit":7,"minecraft:andesite":159,"minecraft:coarse_dirt":503,"minecraft:spruce_planks":748,"minecraft:stone_hoe":730,"minecraft:dirt":1082,"minecraft:spruce_stairs":10,"minecraft:cobblestone_wall":76,"exoticbirds:pelican_egg":1,"evilcraft:box_of_eternal_closure":3,"evilcraft:flesh_humanoid":1,"minecraft:cooked_beef":1,"minecraft:iron_leggings":1,"minecraft:cobblestone_stairs":25,"aquamirae:wisteria_niveis":1,"minecraft:baked_potato":187,"minecraft:stonecutter":4,"minecraft:cobblestone_slab":39,"minecraft:smoker":2,"minecraft:apple":30,"minecraft:white_banner":1,"minecraft:bucket":16,"minecraft:pumpkin_pie":1,"dtterralith:black_poplar_seed":3,"minecraft:polished_blackstone_button":1,"minecraft:splash_potion":1},"minecraft:mined":{"hexerei:sage_burning_plate":1,"minecraft:white_bed":17,"dtterralith:spruce_short_conifer_leaves":5,"minecraft:deepslate_bricks":3,"minecraft:hopper":1,"minecraft:chiseled_stone_bricks":1,"minecraft:spawner":16,"minecraft:mossy_cobblestone_stairs":1,"minecraft:barrel":1,"minecraft:dirt_path":33,"minecraft:deepslate_brick_stairs":1,"minecraft:white_banner":1,"create:limestone":9,"farmersdelight:wild_potatoes":13,"minecraft:tripwire":3,"minecraft:smoker":3,"minecraft:torch":60,"minecraft:blast_furnace":2,"minecraft:mud_brick_stairs":3,"minecraft:white_stained_glass_pane":1,"minecraft:white_terracotta":1,"minecraft:stone_brick_stairs":45,"minecraft:grass":264,"blue_skies:frostbright_door":4,"minecraft:stonecutter":4,"create:zinc_ore":12,"minecraft:light_blue_stained_glass_pane":1,"minecraft:mossy_cobblestone":67,"dynamictrees:spruce_sapling":1,"gothic:cave_mushrooms":1,"minecraft:allium":2,"luphieclutteredmod:luphie_cardboard_box_open":1,"blue_skies:frostbright_bookshelf":2,"farmersdelight:wild_onions":13,"dynamictrees:oak_undergrowth_leaves":29,"evilcraft:box_of_eternal_closure":1,"minecraft:andesite":56,"minecraft:potatoes":39,"minecraft:cobblestone_slab":10,"minecraft:vine":2,"minecraft:white_wool":54,"supplementaries:wall_lantern":8,"minecraft:smithing_table":1,"minecraft:redstone_block":1,"minecraft:brown_stained_glass_pane":3,"minecraft:dandelion":2,"croptopia:sweetpotato_crop":1,"minecraft:campfire":3,"minecraft:tall_grass":140,"minecraft:copper_ore":2,"oaks_decor:sand_castle":4,"gothic:innos_statue":1,"minecraft:purple_bed":6,"minecraft:coarse_dirt":685,"minecraft:cobblestone_wall":30,"minecraft:spruce_log":213,"dtterralith:oak_twiglet_leaves":2,"vampirism:fire_place":1,"minecraft:zombie_head":1,"minecraft:gravel":4,"minecraft:cobweb":64,"gothic:tall_mushrooms":1,"minecraft:stone_bricks":236,"minecraft:chipped_anvil":1,"minecraft:fern":51,"minecraft:spruce_planks":20,"dtterralith:birch_pine_sapling":1,"minecraft:cobblestone_stairs":16,"myceliummire:mycliated_dirt":3,"minecraft:spruce_trapdoor":12,"minecraft:grass_block":944,"minecraft:mud_bricks":7,"realmrpg_skeletons:dungeon_crawler_skeleton":1,"minecraft:iron_ore":46,"minecraft:anvil":1,"realmrpg_skeletons:rookie_skeleton":1,"minecraft:flowering_azalea_leaves":1,"minecraft:iron_bars":2,"minecraft:black_candle":1,"minecraft:spruce_slab":1,"oaks_decor:sand_castles":2,"minecraft:cyan_terracotta":1,"dtterralith:birch_short_conifer_leaves":7,"minecraft:clay":1,"minecraft:calcite":17,"minecraft:poppy":9,"minecraft:chest":73,"minecraft:mushroom_stem":1,"minecraft:cobblestone":291,"minecraft:grindstone":1,"minecraft:wall_torch":23,"minecraft:deepslate_copper_ore":5,"minecraft:light_weighted_pressure_plate":1,"realmrpg_skeletons:bow_skeleton":1,"vampirism:totem_top":1,"aquamirae:wisteria_niveis":4,"paraglider:kakariko_goddess_statue":7,"minecraft:smooth_stone_slab":3,"minecraft:cracked_deepslate_tiles":1,"minecraft:sand":2,"minecraft:dirt":521,"structure_gel:dynamic_spawner":2,"minecraft:raw_copper_block":3,"minecraft:redstone_lamp":4,"minecraft:red_carpet":1,"minecraft:candle":2,"minecraft:gray_stained_glass_pane":1,"gothic:waterpipe":2,"minecraft:glow_lichen":1,"minecraft:dark_oak_pressure_plate":1,"gothic:scavenger_grilled":1,"minecraft:brown_mushroom_block":7,"gothic:ornament_part":1,"minecraft:large_fern":14,"minecraft:furnace":15,"minecraft:stripped_spruce_log":1,"minecraft:lantern":11,"minecraft:packed_ice":6,"minecraft:stone":121,"minecraft:podzol":1,"minecraft:scaffolding":13,"minecraft:spruce_door":3,"minecraft:crafting_table":15,"minecraft:lectern":1,"minecraft:stone_slab":1,"gothic:scavenger_eggs":1,"minecraft:blue_bed":4,"supplementaries:urn":15,"minecraft:spruce_stairs":12,"minecraft:birch_planks":12,"blue_skies:frostbright_chest":1,"minecraft:sweet_berry_bush":3,"minecraft:coal_ore":35,"upgrade_aquatic:driftwood_log":2,"hexerei:sage_crop":10,"minecraft:polished_andesite":4},"minecraft:picked_up":{"minecraft:anvil":1,"minecraft:diamond_sword":3,"minecraft:smithing_table":1,"minecraft:stone_slab":7,"minecraft:oak_stairs":1,"minecraft:enchanted_book":19,"domesticationinnovation:pet_bed_purple":2,"minecraft:music_disc_cat":1,"minecraft:string":165,"minecraft:dark_oak_pressure_plate":2,"create:limestone":16,"minecraft:gold_nugget":11,"minecraft:cobbled_deepslate":101,"minecraft:spruce_planks":21,"hmag:cureberry":1,"minecraft:enchanted_golden_apple":1,"gothic:tall_mushrooms":1,"paraglider:kakariko_goddess_statue":7,"oaks_decor:throwable_pebble":2,"minecraft:golden_axe":1,"vampirism:amulet":3,"evilcraft:box_of_eternal_closure":4,"minecraft:stone_sword":1,"create:scoria":2,"farmersdelight:onion":12,"minecraft:cyan_terracotta":5,"farmersdelight:rope":19,"minecraft:white_terracotta":1,"supplementaries:ash":26,"minecraft:snowball":1,"minecraft:birch_log":21,"minecraft:magma_block":1,"minecraft:mossy_cobblestone_slab":1,"minecraft:feather":27,"minecraft:water_bucket":1,"minecraft:smoker":3,"minecraft:lantern":30,"christmasfestivity:disc_marrychristmas":1,"blue_skies:frostbright_chest":1,"minecraft:chipped_anvil":1,"minecraft:stonecutter":4,"minecraft:glowstone_dust":1,"dtterralith:birch_pine_seed":3,"gothic:ornament_part":1,"gothic:meat_cooked":2,"minecraft:stripped_spruce_log":4,"alexsmobs:animal_dictionary":1,"minecraft:barrel":3,"minecraft:bundle":4,"minecraft:iron_hoe":1,"luphieclutteredmod:luphie_cardboard_box_open":1,"minecraft:lever":1,"gothic:scavenger_egg":2,"minecraft:granite":1,"minecraft:bread":8,"minecraft:light_gray_carpet":2,"atlantis:aquamarine_gem":14,"croptopia:toast":22,"minecraft:crafting_table":14,"minecraft:coarse_dirt":719,"minecraft:leather_leggings":1,"minecraft:redstone_lamp":4,"minecraft:cornflower":1,"minecraft:iron_shovel":7,"minecraft:beef":8,"minecraft:iron_nugget":41,"minecraft:poppy":16,"minecraft:minecart":2,"blue_skies:frostbright_stairs":15,"minecraft:chest":71,"minecraft:raw_copper_block":3,"exoticbirds:penguin_egg":6,"minecraft:stone":7,"farmersdelight:tomato_seeds":2,"minecraft:carrot":32,"minecraft:redstone":66,"butchercraft:chicken_scraps":1,"minecraft:stone_shovel":2,"minecraft:beetroot_seeds":24,"minecraft:deepslate_bricks":6,"minecraft:gold_ingot":11,"butchercraft:beef_scraps":7,"sophisticatedbackpacks:copper_backpack":1,"exoticbirds:raw_birdmeat":30,"minecraft:white_wool":110,"minecraft:oxeye_daisy":2,"minecraft:mud_bricks":6,"croptopia:glowing_calamari":1,"minecraft:red_mushroom":4,"minecraft:filled_map":1,"grimoireofgaia:bone_shield":2,"oaks_decor:sand_castles":6,"minecraft:paper":19,"minecraft:blue_bed":6,"dtterralith:black_poplar_seed":12,"tombstone:gift":3,"minecraft:white_banner":2,"minecraft:apple":12,"minecraft:stone_bricks":280,"alexsmobs:cockroach_wing_fragment":1,"minecraft:cobweb":4,"minecraft:gray_bed":1,"minecraft:flowering_azalea":1,"minecraft:iron_sword":15,"minecraft:polished_andesite_stairs":2,"myceliummire:mycliated_dirt":5,"minecraft:smooth_basalt":3,"minecraft:sweet_berries":37,"vampirism:fire_place":1,"minecraft:gravel":7,"minecraft:spruce_log":432,"gothic:cave_mushrooms":2,"butchercraft:leather_scrap":9,"minecraft:purple_bed":7,"minecraft:stone_axe":1,"butchercraft:lamb_scraps":5,"minecraft:diamond_axe":1,"minecraft:baked_potato":31,"minecraft:hopper":1,"minecraft:redstone_block":1,"minecraft:potion":1,"butchercraft:pork_scraps":6,"minecraft:stone_brick_stairs":51,"minecraft:raw_copper":77,"minecraft:smooth_stone_slab":7,"minecraft:iron_leggings":4,"minecraft:sticky_piston":7,"minecraft:zombie_head":1,"minecraft:experience_bottle":1,"minecraft:bucket":3,"minecraft:cobblestone_slab":14,"minecraft:calcite":428,"dynamictrees:oak_seed":11,"minecraft:iron_pickaxe":2,"minecraft:furnace":15,"minecraft:iron_boots":3,"minecraft:stick":413,"minecraft:torch":141,"minecraft:spruce_stairs":19,"vampirism:holy_water_bottle_enhanced":1,"tombstone:grave_dust":20,"vampirism:vampire_fang":1,"minecraft:rotten_flesh":115,"evilcraft:condensed_blood":19,"minecraft:deepslate_brick_stairs":1,"blue_skies:frostbright_slab":14,"hmag:spectral_soup":1,"minecraft:cobblestone":2469,"paraglider:paraglider":1,"minecraft:leather_chestplate":2,"minecraft:andesite":715,"dtterralith:dwarf_pine_seed":2,"minecraft:mud_brick_stairs":1,"minecraft:potato":345,"paraglider:spirit_orb":52,"minecraft:tuff":40,"create:raw_zinc":19,"evilcraft:flesh_humanoid":5,"supplementaries:flax_seeds":14,"minecraft:lapis_lazuli":61,"minecraft:dirt":1921,"minecraft:name_tag":3,"hmag:evil_crystal_fragment":3,"minecraft:leather_boots":1,"minecraft:bone":156,"croptopia:sweetpotato":1,"minecraft:bow":5,"minecraft:wheat_seeds":246,"aquamirae:wisteria_niveis":4,"minecraft:raw_gold":30,"minecraft:grindstone":1,"hmag:soul_powder":10,"minecraft:poisonous_potato":3,"justhammers:iron_hammer":1,"minecraft:sand":2,"hexerei:sage":12,"minecraft:dead_bush":6,"exoticbirds:mystery_egg":5,"hmag:kobold_leather":2,"minecraft:mossy_cobblestone":124,"dtterralith:dwarf_spruce_seed":5,"minecraft:diamond":5,"minecraft:spruce_boat":1,"minecraft:soul_lantern":2,"waystones:waystone":4,"minecraft:polished_blackstone_button":1,"minecraft:crossbow":1,"minecraft:bone_meal":10,"minecraft:golden_apple":3,"minecraft:spruce_sign":8,"minecraft:emerald":9,"mca:bouquet":2,"minecraft:charcoal":6,"minecraft:allium":27,"minecraft:azure_bluet":1,"dynamictrees:spruce_seed":49,"minecraft:brown_mushroom":6,"croptopia:sweetpotato_seed":8,"minecraft:wooden_pickaxe":1,"minecraft:gold_block":3,"blue_skies:frostbright_door":6,"gothic:waterpipe":3,"minecraft:large_fern":2,"minecraft:blackstone":11,"minecraft:candle":15,"minecraft:light_gray_wool":1,"minecraft:lectern":1,"minecraft:spruce_trapdoor":14,"minecraft:raw_iron":176,"croptopia:yam_seed":4,"minecraft:iron_horse_armor":1,"hexerei:sage_seed":156,"minecraft:arrow":60,"upgrade_aquatic:driftwood_log":2,"minecraft:saddle":5,"minecraft:cracked_deepslate_tiles":1,"minecraft:leather":11,"blue_skies:frostbright_planks":6,"minecraft:birch_planks":12,"minecraft:gunpowder":4,"minecraft:cobblestone_wall":82,"minecraft:cobblestone_stairs":18,"mca:book_romance":2,"minecraft:red_carpet":3,"vampirism:human_heart":1,"minecraft:rabbit_hide":3,"minecraft:iron_ingot":3,"minecraft:book":8,"minecraft:scaffolding":22,"minecraft:black_candle":2,"minecraft:dandelion":7,"blue_skies:frostbright_trapdoor":3,"gothic:cheese":1,"minecraft:blast_furnace":2,"minecraft:white_bed":19,"minecraft:spruce_door":3,"minecraft:spider_eye":7,"gothic:meat":17,"hexerei:sage_burning_plate":1,"evilcraft:dark_gem":13,"minecraft:iron_helmet":1,"exoticbirds:pelican_egg":1,"minecraft:mossy_cobblestone_stairs":4,"tombstone:magic_scroll":1,"minecraft:coal":176,"blue_skies:frostbright_ladder":4},"minecraft:killed_by":{"vampirism:advanced_vampire":1,"grimoireofgaia:arachne":1,"minecraft:vex":1,"gothic:stone_guardian":1,"grimoireofgaia:flesh_lich":2,"gothic:cave_molerat":1,"grimoireofgaia:bone_knight":1,"minecraft:cave_spider":1,"grimoireofgaia:deathword":1,"minecraft:player":2,"minecraft:skeleton":3},"minecraft:crafted":{"croptopia:toast":7,"minecraft:cooked_rabbit":7,"minecraft:cooked_porkchop":6,"minecraft:spruce_door":3,"minecraft:copper_ingot":48,"minecraft:stone_brick_stairs":52,"minecraft:iron_pickaxe":4,"minecraft:gold_ingot":57,"minecraft:spruce_stairs":4,"minecraft:stone_pickaxe":1,"minecraft:spruce_boat":1,"mca:whistle":1,"upgrade_aquatic:driftwood_planks":8,"exoticbirds:cooked_birdmeat":4,"minecraft:iron_shovel":6,"minecraft:iron_leggings":1,"minecraft:cobblestone_slab":24,"minecraft:cobblestone_stairs":20,"minecraft:stone":1367,"luphieclutteredmod:luphie_cardboard_box_open":1,"minecraft:bow":1,"minecraft:raw_copper":27,"minecraft:stone_hoe":6,"minecraft:stone_bricks":1308,"minecraft:smoker":1,"sophisticatedbackpacks:backpack":2,"minecraft:crafting_table":3,"minecraft:spruce_planks":1648,"minecraft:wooden_pickaxe":1,"minecraft:baked_potato":297,"minecraft:gold_block":1,"minecraft:birch_planks":36,"butchercraft:cooked_beef_scraps":12,"minecraft:stick":12,"minecraft:iron_ingot":50,"minecraft:shears":1,"butchercraft:cooked_lamb_scraps":6,"minecraft:redstone":9,"minecraft:furnace":9,"minecraft:iron_axe":4,"minecraft:cobblestone_wall":24,"sophisticatedbackpacks:iron_backpack":1,"minecraft:cooked_beef":2,"farmersdelight:honey_cookie":16,"minecraft:cooked_cod":2,"minecraft:iron_sword":4,"minecraft:air":0,"justhammers:iron_hammer":14,"minecraft:torch":180},"minecraft:killed":{"vampirism:vampire":4,"minecraft:cave_spider":10,"minecraft:skeleton":90,"grimoireofgaia:mimic":2,"minecraft:chicken":2,"vampirism:advanced_hunter":2,"gothic:molerat":2,"grimoireofgaia:flesh_lich":4,"minecraft:cat":2,"minecraft:magma_cube":4,"alexsmobs:seal":2,"exoticbirds:penguin":4,"minecraft:pillager":4,"minecraft:zombie":110,"grimoireofgaia:deathword":6,"minecraft:cow":8,"gothic:npc_oldcamp_hunter":2,"exoticbirds:pelican":2,"minecraft:horse":10,"hmag:zombie_girl":12,"gothic:scavenger_young":6,"minecraft:spider":36,"alexsmobs:snow_leopard":6,"grimoireofgaia:minotaurus":2,"minecraft:silverfish":2,"minecraft:illusioner":2,"gothic:cave_molerat":6,"sleep_tight:bedbug":4,"minecraft:pig":4,"grimoireofgaia:bone_knight":6,"minecraft:creeper":8,"vampirism:hunter":2,"minecraft:sheep":6,"gothic:scavenger":4,"grimoireofgaia:harpy":4,"alexsmobs:fly":4,"grimoireofgaia:satyress":2,"grimoireofgaia:centaur":8,"grimoireofgaia:dullahan":2,"hmag:ghost":4,"naturalist:bluejay":2,"minecraft:bat":2,"exoticbirds:flamingo":8,"gothic:ice_wolf":2,"alexsmobs:cockroach":2,"exoticbirds:pigeon":6,"alexsmobs:crow":4,"minecraft:player":4},"minecraft:dropped":{"minecraft:iron_sword":1,"butchercraft:leather_scrap":4,"vampirism:human_heart":1,"minecraft:glass_bottle":2,"minecraft:red_mushroom":4,"minecraft:emerald":11,"minecraft:dirt":330,"minecraft:large_fern":3,"minecraft:cracked_deepslate_tiles":1,"minecraft:gold_nugget":7,"minecraft:bone_meal":10,"minecraft:iron_pickaxe":4,"minecraft:white_wool":1,"minecraft:bone":4,"minecraft:stone_axe":1,"minecraft:lever":1,"minecraft:iron_nugget":6,"minecraft:wheat":3,"tombstone:gift":2,"minecraft:rotten_flesh":35,"guideapi_vp:vampirism-guidebook":1,"justhammers:iron_hammer":1,"minecraft:azure_bluet":1,"minecraft:white_bed":1,"evilcraft:flesh_humanoid":5,"supplementaries:flax_seeds":14,"dtterralith:birch_pine_seed":2,"create:scoria":2,"vampirism:vampire_fang":1,"gothic:cave_mushrooms":2,"create:limestone":16,"minecraft:stone_brick_stairs":3,"farmersdelight:tomato_seeds":2,"minecraft:enchanted_book":1,"minecraft:iron_ingot":8,"minecraft:wheat_seeds":78,"minecraft:cobblestone":26,"minecraft:feather":6,"minecraft:granite":1,"dtterralith:dwarf_spruce_seed":3,"exoticbirds:mystery_egg":1,"minecraft:cobweb":4,"butchercraft:lamb_scraps":3,"blue_skies:frostbright_slab":6,"minecraft:dead_bush":6,"minecraft:mossy_cobblestone_stairs":2,"minecraft:iron_shovel":1,"minecraft:paper":9,"minecraft:string":72,"hmag:evil_crystal_fragment":3,"minecraft:spruce_sapling":5,"croptopia:yam_seed":4,"minecraft:stone_sword":1,"minecraft:cobblestone_wall":6,"minecraft:smooth_stone_slab":2,"minecraft:experience_bottle":1,"minecraft:stone_shovel":2,"minecraft:iron_boots":1,"sophisticatedbackpacks:backpack":1,"minecraft:stone_slab":5,"butchercraft:chicken_scraps":1,"hexerei:sage_burning_plate":1,"minecraft:diamond_sword":2,"minecraft:potato":1,"minecraft:stone":65,"minecraft:allium":27,"alexsmobs:cockroach_wing_fragment":1,"minecraft:bundle":4,"minecraft:spruce_trapdoor":14,"minecraft:spruce_planks":181,"exoticbirds:raw_birdmeat":21,"minecraft:stone_bricks":352,"minecraft:spider_eye":4,"minecraft:bamboo":1,"minecraft:bow":2,"minecraft:spruce_sign":5,"butchercraft:beef_scraps":4,"minecraft:brown_mushroom":2,"minecraft:diamond_axe":1,"minecraft:baked_potato":111,"mca:bouquet":1,"gothic:cheese":2,"dynamictrees:spruce_seed":16,"paraglider:spirit_orb":27,"minecraft:cobblestone_stairs":1,"minecraft:cyan_terracotta":5,"minecraft:cornflower":1,"croptopia:sweetpotato_seed":8,"minecraft:birch_log":16,"minecraft:gold_ingot":24,"minecraft:gravel":5,"vampirism:holy_water_bottle_enhanced":1,"minecraft:carrot":17,"minecraft:rabbit_hide":6,"minecraft:poppy":6,"minecraft:leather_chestplate":1,"minecraft:gunpowder":1,"minecraft:beetroot_seeds":24,"minecraft:chest":11,"minecraft:arrow":25,"dtterralith:black_poplar_seed":9,"minecraft:stripped_spruce_log":2,"butchercraft:pork_scraps":6,"minecraft:mossy_cobblestone":116,"minecraft:poisonous_potato":1,"minecraft:golden_axe":1,"croptopia:sweetpotato":1,"minecraft:dark_oak_pressure_plate":2,"evilcraft:dark_gem":13,"gothic:meat":5,"minecraft:spruce_stairs":8,"vampirism:amulet":2,"bossominium:the_bossdexium":1,"minecraft:stick":88,"minecraft:black_candle":2,"minecraft:mossy_cobblestone_slab":1,"minecraft:torch":98,"minecraft:zombie_head":1,"tombstone:grave_dust":7,"minecraft:iron_leggings":3,"minecraft:polished_andesite_stairs":2,"minecraft:flowering_azalea":1,"minecraft:bucket":2,"croptopia:glowing_calamari":1,"minecraft:redstone":129,"minecraft:coarse_dirt":140,"vampirism:obi_belt":1,"minecraft:tuff":4,"minecraft:raw_iron":11,"farmersdelight:cabbage_seeds":2,"minecraft:light_gray_wool":5,"alexsmobs:ancient_dart":1,"grimoireofgaia:bone_shield":2,"minecraft:deepslate_bricks":3,"minecraft:filled_map":1,"minecraft:andesite":1,"minecraft:purple_bed":1,"minecraft:stone_pickaxe":1,"minecraft:wooden_pickaxe":2,"minecraft:calcite":7}},"DataVersion":3120}