{"stats":{"minecraft:crafted":{"minecraft:cooked_beef":1,"minecraft:cooked_porkchop":6,"minecraft:crafting_table":1,"minecraft:wooden_pickaxe":1,"minecraft:furnace":1,"minecraft:birch_planks":36,"minecraft:stone_axe":1,"minecraft:air":0,"minecraft:stick":12,"minecraft:stone_pickaxe":1,"minecraft:stone_sword":1,"minecraft:torch":12},"minecraft:picked_up":{"minecraft:birch_log":9,"minecraft:fishing_rod":1,"minecraft:crafting_table":4,"minecraft:chicken":1,"minecraft:leather":1,"minecraft:oak_log":2,"minecraft:cornflower":1,"minecraft:dirt":19,"minecraft:moss_carpet":1,"minecraft:bone":3,"minecraft:kelp":5,"minecraft:wheat_seeds":1,"minecraft:beef":3,"minecraft:acacia_sapling":1,"minecraft:furnace":1,"minecraft:egg":1,"minecraft:torch":4,"minecraft:acacia_log":1,"minecraft:porkchop":6,"minecraft:sand":1,"minecraft:ink_sac":3,"minecraft:arrow":1,"minecraft:coal":9,"minecraft:cod":6,"minecraft:cobblestone":33},"minecraft:dropped":{"minecraft:wheat_seeds":1,"minecraft:cornflower":1,"minecraft:wooden_pickaxe":1},"minecraft:mined":{"minecraft:acacia_leaves":10,"minecraft:kelp_plant":1,"minecraft:crafting_table":4,"minecraft:torch":2,"minecraft:acacia_log":1,"minecraft:grass_block":4,"minecraft:tall_grass":7,"minecraft:wall_torch":1,"minecraft:furnace":1,"minecraft:birch_log":9,"minecraft:fire":1,"minecraft:birch_leaves":1,"minecraft:moss_carpet":1,"minecraft:grass":15,"minecraft:oak_log":2,"minecraft:dirt":13,"minecraft:stone":33,"minecraft:oak_leaves":5,"minecraft:fern":1},"minecraft:killed":{"minecraft:pig":3,"minecraft:spider":1,"minecraft:cod":6,"minecraft:creeper":1,"minecraft:squid":1,"minecraft:skeleton":1,"minecraft:zombie":1,"minecraft:chicken":1,"minecraft:player":2,"minecraft:cow":1},"minecraft:used":{"minecraft:moss_carpet":1,"minecraft:stone_sword":57,"minecraft:acacia_log":1,"minecraft:stone_pickaxe":27,"minecraft:wooden_pickaxe":8,"minecraft:salmon":7,"minecraft:torch":5,"minecraft:dirt":12,"minecraft:crafting_table":4,"minecraft:acacia_sapling":1,"minecraft:cod":10,"minecraft:apple":1,"minecraft:chicken":1,"minecraft:stone_axe":11,"minecraft:furnace":1,"minecraft:cooked_porkchop":3,"minecraft:egg":1,"minecraft:cooked_beef":1},"minecraft:killed_by":{"minecraft:player":1},"minecraft:custom":{"minecraft:interact_with_furnace":6,"minecraft:mob_kills":18,"minecraft:interact_with_crafting_table":4,"minecraft:open_barrel":10,"minecraft:leave_game":1,"minecraft:time_since_death":29941,"minecraft:climb_one_cm":190,"minecraft:time_since_rest":29961,"minecraft:sprint_one_cm":60703,"minecraft:damage_taken":861,"minecraft:walk_one_cm":65865,"minecraft:drop":3,"minecraft:damage_dealt":2233,"minecraft:swim_one_cm":83014,"minecraft:fly_one_cm":94355,"minecraft:player_kills":2,"minecraft:open_chest":3,"minecraft:crouch_one_cm":2258,"minecraft:play_time":32800,"minecraft:deaths":1,"minecraft:sneak_time":1126,"minecraft:walk_under_water_one_cm":38549,"minecraft:boat_one_cm":46140,"minecraft:jump":659,"minecraft:walk_on_water_one_cm":13390,"minecraft:total_world_time":32800,"minecraft:fall_one_cm":20973}},"DataVersion":3465}